"trip_id","stop_id","stop_sequence","is_timepoint","shape_dist_traveled"
"b.60.ida","C3450",1,,
"b.60.ida","C3451",2,,
"b.60.ida","C3452",3,,
"b.60.ida","C3453",4,,
"b.60.ida","C3454",5,,
"b.60.ida","C3455",6,,
"b.60.ida","C3456",7,,
"b.60.ida","C3457",8,,
"b.60.ida","C3458",9,,
"b.60.ida","C3459",10,,
"b.60.ida","C3460",11,,
"b.60.ida","C3461",12,,
"b.60.ida","C3462",13,,
"b.60.ida","C3463",14,,
"b.60.ida","C3464",15,,
"b.60.ida","C3465",16,,
"16.reg","C0194",1,,
"16.reg","C0196",2,,
"16.reg","C0197",3,,
"16.reg","C0198",4,,
"16.reg","C0202",5,,
"16.reg","C0203",6,,
"16.reg","C0205",7,,
"16.reg","C0206",8,,
"16.reg","C1212",9,,
"16.reg","C1217",10,,
"16.reg","C1222",11,,
"16.reg","C1223",12,,
"16.reg","C1232",13,,
"16.reg","C1415",14,,
"16.reg","C1420",15,,
"16.reg","C1423",16,,
"16.reg","C1424",17,,
"16.reg","C1484",18,,
"16.reg","C1485",19,,
"16.reg","C1681",20,,
"16.reg","C1682",21,,
"16.reg","C2034",22,,
"16.reg","C2036",23,,
"16.reg","C2050",24,,
"16.reg","C2059",25,,
"16.reg","C2061",26,,
"16.reg","C2280",27,,
"16.reg","C2287",28,,
"16.reg","C2876",29,,
"16.reg","C2877",30,,
"16.reg","C2878",31,,
"16.reg","C2879",32,,
"16.reg","C2880",33,,
"16.reg","C2881",34,,
"16.reg","C2882",35,,
"16.reg","C2883",36,,
"16.reg","C2884",37,,
"16.reg","C2885",38,,
"16.reg","C2886",39,,
"16.reg","C2887",40,,
"16.reg","C2888",41,,
"16.reg","C2889",42,,
"16.reg","C2890",43,,
"16.reg","C2891",44,,
"16.reg","C2892",45,,
"16.reg","C2894",46,,
"16.reg","C2895",47,,
"16.reg","C2900",48,,
"16.reg","C2903",49,,
"16.reg","C2904",50,,
"16.reg","C2912",51,,
"16.reg","C2913",52,,
"16.reg","C2915",53,,
"16.reg","C2919",54,,
"16.reg","C2925",55,,
"16.reg","C2929",56,,
"16.reg","C2953",57,,
"16.reg","C2959",58,,
"16.reg","C3405",59,,
"16.reg","C3406",60,,
"16.reg","C3407",61,,
"58.reg","C0811",1,,
"b.60.reg","C3466",1,,
"b.60.reg","C3467",2,,
"b.60.reg","C3468",3,,
"b.60.reg","C3469",4,,
"b.60.reg","C3470",5,,
"b.60.reg","C3471",6,,
"b.60.reg","C3472",7,,
"b.60.reg","C3473",8,,
"b.60.reg","C3474",9,,
"b.60.reg","C3475",10,,
"b.60.reg","C3476",11,,
"b.60.reg","C3477",12,,
"b.60.reg","C3478",13,,
"b.60.reg","C3479",14,,
"b.60.reg","C3480",15,,
"b.60.reg","C3481",16,,
"17.reg","C0906",1,,
"17.reg","C0908",2,,
"17.reg","C1013",3,,
"17.reg","C1197",4,,
"17.reg","C1198",5,,
"17.reg","C1217",6,,
"17.reg","C1222",7,,
"17.reg","C1223",8,,
"17.reg","C1232",9,,
"17.reg","C1245",10,,
"17.reg","C1246",11,,
"17.reg","C1250",12,,
"17.reg","C1251",13,,
"17.reg","C1253",14,,
"17.reg","C1258",15,,
"17.reg","C1261",16,,
"17.reg","C1266",17,,
"17.reg","C1267",18,,
"17.reg","C1270",19,,
"17.reg","C1384",20,,
"17.reg","C1385",21,,
"17.reg","C1386",22,,
"17.reg","C1387",23,,
"17.reg","C1388",24,,
"17.reg","C1390",25,,
"17.reg","C1391",26,,
"17.reg","C1392",27,,
"17.reg","C1393",28,,
"17.reg","C1394",29,,
"17.reg","C1395",30,,
"17.reg","C1396",31,,
"17.reg","C1397",32,,
"17.reg","C1398",33,,
"17.reg","C1399",34,,
"17.reg","C1400",35,,
"17.reg","C1401",36,,
"17.reg","C1402",37,,
"17.reg","C1403",38,,
"17.reg","C1404",39,,
"17.reg","C1405",40,,
"17.reg","C1406",41,,
"17.reg","C1407",42,,
"17.reg","C1415",43,,
"17.reg","C1420",44,,
"17.reg","C1423",45,,
"17.reg","C1424",46,,
"17.reg","C1531",47,,
"17.reg","C1533",48,,
"17.reg","C1537",49,,
"17.reg","C1544",50,,
"17.reg","C1552",51,,
"17.reg","C1554",52,,
"17.reg","C1669",53,,
"17.reg","C1858",54,,
"17.reg","C1863",55,,
"17.reg","C1873",56,,
"17.reg","C1875",57,,
"17.reg","C1879",58,,
"17.reg","C2036",59,,
"17.reg","C2050",60,,
"17.reg","C2059",61,,
"17.reg","C2061",62,,
"17.reg","C2071",63,,
"17.reg","C2089",64,,
"17.reg","C2102",65,,
"17.reg","C2103",66,,
"17.reg","C2105",67,,
"17.reg","C2106",68,,
"17.reg","C2108",69,,
"17.reg","C2109",70,,
"17.reg","C2110",71,,
"17.reg","C2111",72,,
"17.reg","C2112",73,,
"17.reg","C2113",74,,
"17.reg","C2114",75,,
"17.reg","C2116",76,,
"17.reg","C2117",77,,
"17.reg","C2122",78,,
"17.reg","C2124",79,,
"17.reg","C2126",80,,
"17.reg","C2127",81,,
"17.reg","C2128",82,,
"17.reg","C2129",83,,
"17.reg","C2130",84,,
"17.reg","C2131",85,,
"17.reg","C2132",86,,
"17.reg","C2133",87,,
"17.reg","C2134",88,,
"17.reg","C2135",89,,
"17.reg","C2136",90,,
"17.reg","C2137",91,,
"17.reg","C2138",92,,
"17.reg","C2280",93,,
"17.reg","C2287",94,,
"17.reg","C2293",95,,
"17.reg","C2308",96,,
"17.reg","C2324",97,,
"17.reg","C2326",98,,
"17.reg","C2329",99,,
"17.reg","C2342",100,,
"17.reg","C2345",101,,
"17.reg","C2346",102,,
"17.reg","C2347",103,,
"17.reg","C2348",104,,
"17.reg","C2350",105,,
"17.reg","C2352",106,,
"17.reg","C2507",107,,
"17.reg","C2509",108,,
"17.reg","C2511",109,,
"17.reg","C2527",110,,
"17.reg","C2528",111,,
"17.reg","C2531",112,,
"17.reg","C2900",113,,
"17.reg","C2903",114,,
"17.reg","C2904",115,,
"17.reg","C2912",116,,
"17.reg","C2913",117,,
"17.reg","C2915",118,,
"17.reg","C2919",119,,
"17.reg","C2959",120,,
"17.reg","C2984",121,,
"17.reg","C2160",122,,
"17.reg","C2161",123,,
"17.reg","C2162",124,,
"17.reg","C2163",125,,
"66.ida","C0116",1,,
"66.ida","C0120",2,,
"66.ida","C0220",3,,
"66.ida","C0236",4,,
"66.ida","C0390",5,,
"66.ida","C0548",6,,
"66.ida","C0583",7,,
"66.ida","C0711",8,,
"66.ida","C0716",9,,
"66.ida","C0717",10,,
"66.ida","C0847",11,,
"66.ida","C0848",12,,
"66.ida","C0852",13,,
"66.ida","C0856",14,,
"66.ida","C0857",15,,
"66.ida","C0858",16,,
"66.ida","C0914",17,,
"66.ida","C0922",18,,
"66.ida","C0923",19,,
"66.ida","C0924",20,,
"66.ida","C0926",21,,
"66.ida","C0927",22,,
"66.ida","C0928",23,,
"66.ida","C0932",24,,
"66.ida","C0933",25,,
"66.ida","C0934",26,,
"66.ida","C0936",27,,
"66.ida","C0937",28,,
"66.ida","C0938",29,,
"66.ida","C0939",30,,
"66.ida","C0940",31,,
"66.ida","C0941",32,,
"66.ida","C0942",33,,
"66.ida","C0943",34,,
"66.ida","C0944",35,,
"66.ida","C0946",36,,
"66.ida","C0947",37,,
"66.ida","C0948",38,,
"66.ida","C0949",39,,
"66.ida","C0950",40,,
"66.ida","C0951",41,,
"66.ida","C0952",42,,
"66.ida","C0953",43,,
"66.ida","C0954",44,,
"66.ida","C0955",45,,
"66.ida","C0956",46,,
"66.ida","C0957",47,,
"66.ida","C0958",48,,
"66.ida","C0959",49,,
"66.ida","C1017",50,,
"66.ida","C3048",51,,
"66.ida","C3401",52,,
"66.ida","C3402",53,,
"66.ida","C3403",54,,
"66.ida","C3404",55,,
"66.ida","C3408",56,,
"11.ida","C1014",1,,
"11.ida","C1024",2,,
"11.ida","C1304",3,,
"11.ida","C1305",4,,
"11.ida","C1311",5,,
"11.ida","C1318",6,,
"11.ida","C1320",7,,
"11.ida","C1324",8,,
"11.ida","C1327",9,,
"11.ida","C1329",10,,
"11.ida","C1333",11,,
"11.ida","C1334",12,,
"11.ida","C1340",13,,
"11.ida","C1351",14,,
"11.ida","C1352",15,,
"11.ida","C1476",16,,
"11.ida","C1538",17,,
"11.ida","C1653",18,,
"11.ida","C1660",19,,
"11.ida","C1663",20,,
"11.ida","C1672",21,,
"11.ida","C1720",22,,
"11.ida","C1728",23,,
"11.ida","C1732",24,,
"11.ida","C1744",25,,
"11.ida","C1745",26,,
"11.ida","C1749",27,,
"11.ida","C1756",28,,
"11.ida","C1949",29,,
"11.ida","C1956",30,,
"11.ida","C1971",31,,
"11.ida","C1978",32,,
"11.ida","C1989",33,,
"11.ida","C1994",34,,
"11.ida","C2172",35,,
"11.ida","C2191",36,,
"11.ida","C2224",37,,
"11.ida","C2225",38,,
"11.ida","C2228",39,,
"11.ida","C2229",40,,
"11.ida","C2230",41,,
"11.ida","C2231",42,,
"11.ida","C2232",43,,
"11.ida","C2233",44,,
"11.ida","C2234",45,,
"11.ida","C2235",46,,
"11.ida","C2236",47,,
"11.ida","C2237",48,,
"11.ida","C2357",49,,
"11.ida","C2358",50,,
"11.ida","C2359",51,,
"11.ida","C2360",52,,
"11.ida","C2361",53,,
"11.ida","C2362",54,,
"11.ida","C2363",55,,
"11.ida","C2364",56,,
"11.ida","C2366",57,,
"11.ida","C2367",58,,
"11.ida","C2368",59,,
"11.ida","C2369",60,,
"11.ida","C2370",61,,
"11.ida","C2371",62,,
"11.ida","C2372",63,,
"11.ida","C2373",64,,
"11.ida","C2374",65,,
"11.ida","C2375",66,,
"11.ida","C2376",67,,
"11.ida","C2377",68,,
"11.ida","C2381",69,,
"11.ida","C2382",70,,
"11.ida","C2386",71,,
"11.ida","C2389",72,,
"11.ida","C2391",73,,
"11.ida","C2397",74,,
"11.ida","C2398",75,,
"11.ida","C2399",76,,
"11.ida","C2404",77,,
"11.ida","C2419",78,,
"11.ida","C2421",79,,
"11.ida","C2424",80,,
"11.ida","C2425",81,,
"11.ida","C2426",82,,
"11.ida","C2580",83,,
"11.ida","C2595",84,,
"11.ida","C2596",85,,
"11.ida","C2597",86,,
"11.ida","C2600",87,,
"11.ida","C2602",88,,
"11.ida","C2838",89,,
"11.ida","C2841",90,,
"11.ida","C2845",91,,
"11.ida","C2999",92,,
"11.ida","C3007",93,,
"b.61.reg","C0077",1,,
"b.61.reg","C0338",2,,
"b.61.reg","C0339",3,,
"b.61.reg","C0340",4,,
"b.61.reg","C0341",5,,
"b.61.reg","C1137",6,,
"b.61.reg","C1138",7,,
"b.61.reg","C1139",8,,
"b.61.reg","C1140",9,,
"b.61.reg","C1141",10,,
"b.61.reg","C1142",11,,
"b.61.reg","C3210",12,,
"b.61.reg","C3211",13,,
"b.61.reg","C3212",14,,
"b.61.reg","C3213",15,,
"b.61.reg","C3214",16,,
"b.61.reg","C3215",17,,
"62.ida","C0040",1,,
"62.ida","C0304",2,,
"62.ida","C0306",3,,
"62.ida","C0308",4,,
"62.ida","C0311",5,,
"62.ida","C0312",6,,
"62.ida","C0313",7,,
"62.ida","C0316",8,,
"62.ida","C0317",9,,
"62.ida","C0320",10,,
"62.ida","C0414",11,,
"62.ida","C0415",12,,
"62.ida","C0416",13,,
"62.ida","C0417",14,,
"62.ida","C0418",15,,
"62.ida","C0419",16,,
"62.ida","C0420",17,,
"62.ida","C0421",18,,
"62.ida","C0422",19,,
"62.ida","C0423",20,,
"62.ida","C0424",21,,
"62.ida","C0425",22,,
"62.ida","C0426",23,,
"62.ida","C0427",24,,
"62.ida","C0428",25,,
"62.ida","C0429",26,,
"62.ida","C0430",27,,
"62.ida","C0431",28,,
"62.ida","C0432",29,,
"62.ida","C0433",30,,
"62.ida","C0434",31,,
"62.ida","C0435",32,,
"62.ida","C0436",33,,
"62.ida","C0437",34,,
"62.ida","C0438",35,,
"62.ida","C0439",36,,
"62.ida","C0440",37,,
"62.ida","C0441",38,,
"62.ida","C0442",39,,
"62.ida","C0443",40,,
"62.ida","C0444",41,,
"62.ida","C0445",42,,
"62.ida","C0446",43,,
"62.ida","C0447",44,,
"62.ida","C0448",45,,
"62.ida","C0449",46,,
"62.ida","C0450",47,,
"62.ida","C0451",48,,
"62.ida","C0452",49,,
"62.ida","C0453",50,,
"62.ida","C0454",51,,
"62.ida","C0455",52,,
"62.ida","C0456",53,,
"62.ida","C0457",54,,
"62.ida","C0458",55,,
"62.ida","C0459",56,,
"62.ida","C0460",57,,
"62.ida","C0461",58,,
"62.ida","C0462",59,,
"62.ida","C0463",60,,
"62.ida","C0464",61,,
"62.ida","C0465",62,,
"62.ida","C0467",63,,
"62.ida","C0473",64,,
"62.ida","C0482",65,,
"62.ida","C0483",66,,
"62.ida","C0485",67,,
"62.ida","C0487",68,,
"62.ida","C0488",69,,
"62.ida","C0489",70,,
"62.ida","C0490",71,,
"62.ida","C0491",72,,
"62.ida","C0492",73,,
"62.ida","C0493",74,,
"62.ida","C0494",75,,
"62.ida","C0495",76,,
"62.ida","C0498",77,,
"62.ida","C0499",78,,
"62.ida","C0500",79,,
"62.ida","C0501",80,,
"62.ida","C0502",81,,
"62.ida","C0503",82,,
"62.ida","C0504",83,,
"62.ida","C0505",84,,
"62.ida","C0506",85,,
"62.ida","C0507",86,,
"62.ida","C0624",87,,
"62.ida","C0760",88,,
"62.ida","C0763",89,,
"62.ida","C0777",90,,
"62.ida","C1074",91,,
"62.ida","C1075",92,,
"62.ida","C1097",93,,
"62.ida","C1098",94,,
"62.ida","C3110",95,,
"14.ida","C1014",1,,
"14.ida","C1024",2,,
"14.ida","C1320",3,,
"14.ida","C1324",4,,
"14.ida","C1327",5,,
"14.ida","C1329",6,,
"14.ida","C1333",7,,
"14.ida","C1334",8,,
"14.ida","C1351",9,,
"14.ida","C1352",10,,
"14.ida","C1455",11,,
"14.ida","C1476",12,,
"14.ida","C1538",13,,
"14.ida","C1672",14,,
"14.ida","C1697",15,,
"14.ida","C1744",16,,
"14.ida","C1745",17,,
"14.ida","C1749",18,,
"14.ida","C1922",19,,
"14.ida","C1930",20,,
"14.ida","C1939",21,,
"14.ida","C1941",22,,
"14.ida","C1942",23,,
"14.ida","C1944",24,,
"14.ida","C1971",25,,
"14.ida","C1982",26,,
"14.ida","C1989",27,,
"14.ida","C1994",28,,
"14.ida","C2143",29,,
"14.ida","C2144",30,,
"14.ida","C2145",31,,
"14.ida","C2146",32,,
"14.ida","C2148",33,,
"14.ida","C2149",34,,
"14.ida","C2150",35,,
"14.ida","C2151",36,,
"14.ida","C2152",37,,
"14.ida","C2153",38,,
"14.ida","C2154",39,,
"14.ida","C2155",40,,
"14.ida","C2157",41,,
"14.ida","C2158",42,,
"14.ida","C2159",43,,
"14.ida","C2166",44,,
"14.ida","C2169",45,,
"14.ida","C2172",46,,
"14.ida","C2174",47,,
"14.ida","C2175",48,,
"14.ida","C2176",49,,
"14.ida","C2177",50,,
"14.ida","C2178",51,,
"14.ida","C2179",52,,
"14.ida","C2180",53,,
"14.ida","C2181",54,,
"14.ida","C2182",55,,
"14.ida","C2183",56,,
"14.ida","C2184",57,,
"14.ida","C2185",58,,
"14.ida","C2186",59,,
"14.ida","C2187",60,,
"14.ida","C2190",61,,
"14.ida","C2191",62,,
"14.ida","C2204",63,,
"14.ida","C2206",64,,
"14.ida","C2240",65,,
"14.ida","C2389",66,,
"14.ida","C2391",67,,
"14.ida","C2404",68,,
"14.ida","C2424",69,,
"14.ida","C2426",70,,
"14.ida","C2832",71,,
"14.ida","C2838",72,,
"14.ida","C2841",73,,
"14.ida","C2845",74,,
"14.ida","C2999",75,,
"14.ida","C3007",76,,
"14.ida","C3374",77,,
"14.ida","C3375",78,,
"14.ida","C2041",79,,
"14.ida","C2043",80,,
"68.reg","C3426",1,,
"68.reg","C3427",2,,
"68.reg","C3428",3,,
"68.reg","C3429",4,,
"68.reg","C3430",5,,
"68.reg","C3431",6,,
"68.reg","C3432",7,,
"68.reg","C3433",8,,
"68.reg","C3434",9,,
"68.reg","C3435",10,,
"68.reg","C3436",11,,
"68.reg","C3437",12,,
"68.reg","C3438",13,,
"68.reg","C3439",14,,
"68.reg","C3440",15,,
"68.reg","C3441",16,,
"17.ida","C1014",1,,
"17.ida","C1021",2,,
"17.ida","C1024",3,,
"17.ida","C1311",4,,
"17.ida","C1313",5,,
"17.ida","C1318",6,,
"17.ida","C1320",7,,
"17.ida","C1324",8,,
"17.ida","C1327",9,,
"17.ida","C1329",10,,
"17.ida","C1333",11,,
"17.ida","C1334",12,,
"17.ida","C1340",13,,
"17.ida","C1341",14,,
"17.ida","C1351",15,,
"17.ida","C1352",16,,
"17.ida","C1476",17,,
"17.ida","C1481",18,,
"17.ida","C1483",19,,
"17.ida","C1484",20,,
"17.ida","C1485",21,,
"17.ida","C1486",22,,
"17.ida","C1490",23,,
"17.ida","C1491",24,,
"17.ida","C1492",25,,
"17.ida","C1493",26,,
"17.ida","C1494",27,,
"17.ida","C1495",28,,
"17.ida","C1496",29,,
"17.ida","C1497",30,,
"17.ida","C1498",31,,
"17.ida","C1499",32,,
"17.ida","C1500",33,,
"17.ida","C1501",34,,
"17.ida","C1502",35,,
"17.ida","C1503",36,,
"17.ida","C1504",37,,
"17.ida","C1505",38,,
"17.ida","C1506",39,,
"17.ida","C1508",40,,
"17.ida","C1511",41,,
"17.ida","C1512",42,,
"17.ida","C1513",43,,
"17.ida","C1514",44,,
"17.ida","C1538",45,,
"17.ida","C1672",46,,
"17.ida","C1697",47,,
"17.ida","C1728",48,,
"17.ida","C1744",49,,
"17.ida","C1745",50,,
"17.ida","C1749",51,,
"17.ida","C1909",52,,
"17.ida","C1910",53,,
"17.ida","C1911",54,,
"17.ida","C1912",55,,
"17.ida","C1913",56,,
"17.ida","C1914",57,,
"17.ida","C1915",58,,
"17.ida","C1916",59,,
"17.ida","C1917",60,,
"17.ida","C1918",61,,
"17.ida","C1919",62,,
"17.ida","C1920",63,,
"17.ida","C1922",64,,
"17.ida","C1923",65,,
"17.ida","C1925",66,,
"17.ida","C1930",67,,
"17.ida","C1939",68,,
"17.ida","C1941",69,,
"17.ida","C1942",70,,
"17.ida","C1943",71,,
"17.ida","C1944",72,,
"17.ida","C1949",73,,
"17.ida","C1951",74,,
"17.ida","C1956",75,,
"17.ida","C1958",76,,
"17.ida","C1971",77,,
"17.ida","C1978",78,,
"17.ida","C1982",79,,
"17.ida","C1989",80,,
"17.ida","C1994",81,,
"17.ida","C2107",82,,
"17.ida","C2146",83,,
"17.ida","C2149",84,,
"17.ida","C2151",85,,
"17.ida","C2152",86,,
"17.ida","C2153",87,,
"17.ida","C2155",88,,
"17.ida","C2157",89,,
"17.ida","C2158",90,,
"17.ida","C2159",91,,
"17.ida","C2166",92,,
"17.ida","C2172",93,,
"17.ida","C2190",94,,
"17.ida","C2191",95,,
"17.ida","C2389",96,,
"17.ida","C2391",97,,
"17.ida","C2397",98,,
"17.ida","C2398",99,,
"17.ida","C2399",100,,
"17.ida","C2404",101,,
"17.ida","C2419",102,,
"17.ida","C2426",103,,
"17.ida","C2830",104,,
"17.ida","C2838",105,,
"17.ida","C2841",106,,
"17.ida","C2845",107,,
"17.ida","C2999",108,,
"17.ida","C3007",109,,
"17.ida","C3008",110,,
"17.ida","C3009",111,,
"17.ida","C3016",112,,
"17.ida","C3041",113,,
"17.ida","C2333",114,,
"17.ida","C2334",115,,
"17.ida","C2335",116,,
"17.ida","C2336",117,,
"17.ida","C2337",118,,
"68.ida","C3409",1,,
"68.ida","C3410",2,,
"68.ida","C3411",3,,
"68.ida","C3412",4,,
"68.ida","C3413",5,,
"68.ida","C3414",6,,
"68.ida","C3415",7,,
"68.ida","C3416",8,,
"68.ida","C3417",9,,
"68.ida","C3418",10,,
"68.ida","C3419",11,,
"68.ida","C3420",12,,
"68.ida","C3421",13,,
"68.ida","C3422",14,,
"68.ida","C3423",15,,
"68.ida","C3424",16,,
"68.ida","C3425",17,,
"15.ida","C1014",1,,
"15.ida","C1015",2,,
"15.ida","C1304",3,,
"15.ida","C1305",4,,
"15.ida","C1311",5,,
"15.ida","C1320",6,,
"15.ida","C1324",7,,
"15.ida","C1327",8,,
"15.ida","C1329",9,,
"15.ida","C1333",10,,
"15.ida","C1334",11,,
"15.ida","C1340",12,,
"15.ida","C1455",13,,
"15.ida","C1538",14,,
"15.ida","C1653",15,,
"15.ida","C1663",16,,
"15.ida","C1672",17,,
"15.ida","C1728",18,,
"15.ida","C1732",19,,
"15.ida","C1737",20,,
"15.ida","C1744",21,,
"15.ida","C1745",22,,
"15.ida","C1749",23,,
"15.ida","C1949",24,,
"15.ida","C1956",25,,
"15.ida","C1958",26,,
"15.ida","C1971",27,,
"15.ida","C1982",28,,
"15.ida","C2172",29,,
"15.ida","C2191",30,,
"15.ida","C2206",31,,
"15.ida","C2357",32,,
"15.ida","C2358",33,,
"15.ida","C2359",34,,
"15.ida","C2366",35,,
"15.ida","C2376",36,,
"15.ida","C2377",37,,
"15.ida","C2381",38,,
"15.ida","C2382",39,,
"15.ida","C2386",40,,
"15.ida","C2389",41,,
"15.ida","C2391",42,,
"15.ida","C2397",43,,
"15.ida","C2398",44,,
"15.ida","C2399",45,,
"15.ida","C2404",46,,
"15.ida","C2426",47,,
"15.ida","C2573",48,,
"15.ida","C2574",49,,
"15.ida","C2575",50,,
"15.ida","C2576",51,,
"15.ida","C2577",52,,
"15.ida","C2578",53,,
"15.ida","C2580",54,,
"15.ida","C2582",55,,
"15.ida","C2583",56,,
"15.ida","C2584",57,,
"15.ida","C2585",58,,
"15.ida","C2586",59,,
"15.ida","C2587",60,,
"15.ida","C2588",61,,
"15.ida","C2589",62,,
"15.ida","C2590",63,,
"15.ida","C2591",64,,
"15.ida","C2592",65,,
"15.ida","C2595",66,,
"15.ida","C2596",67,,
"15.ida","C2597",68,,
"15.ida","C2600",69,,
"15.ida","C2601",70,,
"15.ida","C2602",71,,
"15.ida","C2657",72,,
"14.reg","C0906",1,,
"14.reg","C0908",2,,
"14.reg","C1013",3,,
"14.reg","C1223",4,,
"14.reg","C1232",5,,
"14.reg","C1245",6,,
"14.reg","C1246",7,,
"14.reg","C1250",8,,
"14.reg","C1251",9,,
"14.reg","C1253",10,,
"14.reg","C1423",11,,
"14.reg","C1424",12,,
"14.reg","C1531",13,,
"14.reg","C1533",14,,
"14.reg","C1537",15,,
"14.reg","C1669",16,,
"14.reg","C1858",17,,
"14.reg","C1863",18,,
"14.reg","C1868",19,,
"14.reg","C2045",20,,
"14.reg","C2059",21,,
"14.reg","C2061",22,,
"14.reg","C2071",23,,
"14.reg","C2102",24,,
"14.reg","C2103",25,,
"14.reg","C2105",26,,
"14.reg","C2106",27,,
"14.reg","C2112",28,,
"14.reg","C2113",29,,
"14.reg","C2114",30,,
"14.reg","C2116",31,,
"14.reg","C2117",32,,
"14.reg","C2122",33,,
"14.reg","C2241",34,,
"14.reg","C2246",35,,
"14.reg","C2247",36,,
"14.reg","C2248",37,,
"14.reg","C2249",38,,
"14.reg","C2250",39,,
"14.reg","C2251",40,,
"14.reg","C2252",41,,
"14.reg","C2280",42,,
"14.reg","C2287",43,,
"14.reg","C2292",44,,
"14.reg","C2293",45,,
"14.reg","C2308",46,,
"14.reg","C2309",47,,
"14.reg","C2312",48,,
"14.reg","C2313",49,,
"14.reg","C2314",50,,
"14.reg","C2315",51,,
"14.reg","C2316",52,,
"14.reg","C2317",53,,
"14.reg","C2318",54,,
"14.reg","C2319",55,,
"14.reg","C2320",56,,
"14.reg","C2321",57,,
"14.reg","C2322",58,,
"14.reg","C2323",59,,
"14.reg","C2324",60,,
"14.reg","C2325",61,,
"14.reg","C2326",62,,
"14.reg","C2329",63,,
"14.reg","C2332",64,,
"14.reg","C2338",65,,
"14.reg","C2342",66,,
"14.reg","C2345",67,,
"14.reg","C2346",68,,
"14.reg","C2347",69,,
"14.reg","C2348",70,,
"14.reg","C2350",71,,
"14.reg","C2351",72,,
"14.reg","C2352",73,,
"14.reg","C2353",74,,
"14.reg","C2354",75,,
"14.reg","C2355",76,,
"14.reg","C2356",77,,
"14.reg","C2507",78,,
"14.reg","C2511",79,,
"14.reg","C2527",80,,
"14.reg","C2912",81,,
"14.reg","C2913",82,,
"14.reg","C2915",83,,
"14.reg","C2919",84,,
"14.reg","C2004",85,,
"14.reg","C2007",86,,
"18.reg","C0207",1,,
"18.reg","C0208",2,,
"18.reg","C0209",3,,
"18.reg","C0210",4,,
"18.reg","C0211",5,,
"18.reg","C0912",6,,
"18.reg","C1069",7,,
"18.reg","C1245",8,,
"18.reg","C1246",9,,
"18.reg","C1250",10,,
"18.reg","C1251",11,,
"18.reg","C1253",12,,
"18.reg","C1258",13,,
"18.reg","C1261",14,,
"18.reg","C1266",15,,
"18.reg","C1267",16,,
"18.reg","C1270",17,,
"18.reg","C1274",18,,
"18.reg","C1275",19,,
"18.reg","C1276",20,,
"18.reg","C1526",21,,
"18.reg","C1537",22,,
"18.reg","C1538",23,,
"18.reg","C1544",24,,
"18.reg","C1548",25,,
"18.reg","C1552",26,,
"18.reg","C1554",27,,
"18.reg","C1858",28,,
"18.reg","C1863",29,,
"18.reg","C1868",30,,
"18.reg","C1873",31,,
"18.reg","C1875",32,,
"18.reg","C1879",33,,
"18.reg","C1884",34,,
"18.reg","C2293",35,,
"18.reg","C2308",36,,
"18.reg","C2324",37,,
"18.reg","C2511",38,,
"18.reg","C2527",39,,
"18.reg","C2531",40,,
"18.reg","C2542",41,,
"18.reg","C2543",42,,
"18.reg","C2820",43,,
"18.reg","C3300",44,,
"18.reg","C3301",45,,
"18.reg","C3302",46,,
"18.reg","C3303",47,,
"18.reg","C3304",48,,
"18.reg","C3305",49,,
"18.reg","C3306",50,,
"18.reg","C3307",51,,
"18.reg","C3308",52,,
"18.reg","C3309",53,,
"18.reg","C3310",54,,
"18.reg","C3311",55,,
"18.reg","C3312",56,,
"18.reg","C3313",57,,
"18.reg","C3314",58,,
"18.reg","C3315",59,,
"18.reg","C3316",60,,
"18.reg","C3317",61,,
"18.reg","C3318",62,,
"18.reg","C3319",63,,
"18.reg","C3380",64,,
"18.reg","C3381",65,,
"18.reg","C3382",66,,
"18.reg","C3384",67,,
"18.reg","C3385",68,,
"18.reg","C3395",69,,
"18.reg","C3396",70,,
"18.reg","C3397",71,,
"19.ida","C0207",1,,
"19.ida","C0208",2,,
"19.ida","C0209",3,,
"19.ida","C0210",4,,
"19.ida","C0211",5,,
"19.ida","C1069",6,,
"19.ida","C1245",7,,
"19.ida","C1246",8,,
"19.ida","C1250",9,,
"19.ida","C1251",10,,
"19.ida","C1253",11,,
"19.ida","C1258",12,,
"19.ida","C1261",13,,
"19.ida","C1266",14,,
"19.ida","C1267",15,,
"19.ida","C1526",16,,
"19.ida","C1531",17,,
"19.ida","C1533",18,,
"19.ida","C1537",19,,
"19.ida","C1538",20,,
"19.ida","C1544",21,,
"19.ida","C1548",22,,
"19.ida","C1552",23,,
"19.ida","C1554",24,,
"19.ida","C1558",25,,
"19.ida","C1559",26,,
"19.ida","C1560",27,,
"19.ida","C1561",28,,
"19.ida","C1563",29,,
"19.ida","C1564",30,,
"19.ida","C1565",31,,
"19.ida","C1566",32,,
"19.ida","C1567",33,,
"19.ida","C1568",34,,
"19.ida","C1569",35,,
"19.ida","C1570",36,,
"19.ida","C1571",37,,
"19.ida","C1572",38,,
"19.ida","C1573",39,,
"19.ida","C1574",40,,
"19.ida","C1575",41,,
"19.ida","C1576",42,,
"19.ida","C1577",43,,
"19.ida","C1578",44,,
"19.ida","C1579",45,,
"19.ida","C1580",46,,
"19.ida","C1581",47,,
"19.ida","C1582",48,,
"19.ida","C1583",49,,
"19.ida","C1605",50,,
"19.ida","C1606",51,,
"19.ida","C1607",52,,
"19.ida","C1608",53,,
"19.ida","C1609",54,,
"19.ida","C1610",55,,
"19.ida","C1611",56,,
"19.ida","C1612",57,,
"19.ida","C1613",58,,
"19.ida","C1858",59,,
"19.ida","C1863",60,,
"19.ida","C1868",61,,
"19.ida","C1873",62,,
"19.ida","C1875",63,,
"19.ida","C1879",64,,
"19.ida","C2071",65,,
"19.ida","C2293",66,,
"19.ida","C2308",67,,
"19.ida","C2511",68,,
"19.ida","C2514",69,,
"19.ida","C2527",70,,
"19.ida","C2531",71,,
"19.ida","C2820",72,,
"19.ida","C3398",73,,
"19.ida","C3399",74,,
"19.ida","C3400",75,,
"11.reg","C0905",1,,
"11.reg","C0906",2,,
"11.reg","C0908",3,,
"11.reg","C1223",4,,
"11.reg","C1232",5,,
"11.reg","C1245",6,,
"11.reg","C1246",7,,
"11.reg","C1250",8,,
"11.reg","C1251",9,,
"11.reg","C1253",10,,
"11.reg","C1258",11,,
"11.reg","C1261",12,,
"11.reg","C1266",13,,
"11.reg","C1267",14,,
"11.reg","C1270",15,,
"11.reg","C1423",16,,
"11.reg","C1424",17,,
"11.reg","C1533",18,,
"11.reg","C1537",19,,
"11.reg","C1544",20,,
"11.reg","C1548",21,,
"11.reg","C1552",22,,
"11.reg","C1554",23,,
"11.reg","C1669",24,,
"11.reg","C1719",25,,
"11.reg","C1858",26,,
"11.reg","C1863",27,,
"11.reg","C1873",28,,
"11.reg","C1875",29,,
"11.reg","C1879",30,,
"11.reg","C1884",31,,
"11.reg","C1885",32,,
"11.reg","C2045",33,,
"11.reg","C2059",34,,
"11.reg","C2061",35,,
"11.reg","C2262",36,,
"11.reg","C2263",37,,
"11.reg","C2264",38,,
"11.reg","C2265",39,,
"11.reg","C2266",40,,
"11.reg","C2267",41,,
"11.reg","C2268",42,,
"11.reg","C2269",43,,
"11.reg","C2270",44,,
"11.reg","C2271",45,,
"11.reg","C2272",46,,
"11.reg","C2273",47,,
"11.reg","C2274",48,,
"11.reg","C2275",49,,
"11.reg","C2276",50,,
"11.reg","C2280",51,,
"11.reg","C2287",52,,
"11.reg","C2308",53,,
"11.reg","C2507",54,,
"11.reg","C2509",55,,
"11.reg","C2511",56,,
"11.reg","C2512",57,,
"11.reg","C2513",58,,
"11.reg","C2514",59,,
"11.reg","C2527",60,,
"11.reg","C2528",61,,
"11.reg","C2531",62,,
"11.reg","C2542",63,,
"11.reg","C2543",64,,
"11.reg","C2547",65,,
"11.reg","C2549",66,,
"11.reg","C2550",67,,
"11.reg","C2552",68,,
"11.reg","C2553",69,,
"11.reg","C2554",70,,
"11.reg","C2555",71,,
"11.reg","C2556",72,,
"11.reg","C2557",73,,
"11.reg","C2558",74,,
"11.reg","C2559",75,,
"11.reg","C2560",76,,
"11.reg","C2561",77,,
"11.reg","C2562",78,,
"11.reg","C2563",79,,
"11.reg","C2564",80,,
"11.reg","C2565",81,,
"11.reg","C2566",82,,
"11.reg","C2569",83,,
"11.reg","C2786",84,,
"11.reg","C2789",85,,
"11.reg","C2808",86,,
"11.reg","C2809",87,,
"11.reg","C2912",88,,
"11.reg","C2913",89,,
"11.reg","C2915",90,,
"11.reg","C2919",91,,
"11.reg","C2984",92,,
"65.ida","C0004",1,,
"65.ida","C0005",2,,
"65.ida","C0006",3,,
"65.ida","C0007",4,,
"65.ida","C0008",5,,
"65.ida","C0009",6,,
"65.ida","C0010",7,,
"65.ida","C0011",8,,
"65.ida","C0012",9,,
"65.ida","C0013",10,,
"65.ida","C0014",11,,
"65.ida","C0015",12,,
"65.ida","C0016",13,,
"65.ida","C0017",14,,
"65.ida","C0018",15,,
"65.ida","C0019",16,,
"65.ida","C0020",17,,
"65.ida","C0021",18,,
"65.ida","C0022",19,,
"65.ida","C0023",20,,
"65.ida","C0033",21,,
"65.ida","C0034",22,,
"65.ida","C0036",23,,
"65.ida","C0037",24,,
"65.ida","C0044",25,,
"65.ida","C0047",26,,
"65.ida","C0049",27,,
"65.ida","C0050",28,,
"65.ida","C0051",29,,
"65.ida","C0053",30,,
"65.ida","C0054",31,,
"65.ida","C0056",32,,
"65.ida","C0057",33,,
"65.ida","C0058",34,,
"65.ida","C0059",35,,
"65.ida","C0060",36,,
"65.ida","C0063",37,,
"65.ida","C0064",38,,
"65.ida","C0070",39,,
"65.ida","C0071",40,,
"65.ida","C0187",41,,
"65.ida","C0304",42,,
"65.ida","C0324",43,,
"65.ida","C0326",44,,
"65.ida","C0328",45,,
"65.ida","C0329",46,,
"65.ida","C0330",47,,
"65.ida","C0331",48,,
"65.ida","C0444",49,,
"65.ida","C0445",50,,
"65.ida","C0446",51,,
"65.ida","C0447",52,,
"65.ida","C0448",53,,
"65.ida","C0449",54,,
"65.ida","C0450",55,,
"65.ida","C0451",56,,
"65.ida","C0452",57,,
"65.ida","C0453",58,,
"65.ida","C0454",59,,
"65.ida","C0455",60,,
"65.ida","C0456",61,,
"65.ida","C0457",62,,
"65.ida","C0458",63,,
"65.ida","C0459",64,,
"65.ida","C0460",65,,
"65.ida","C0461",66,,
"65.ida","C0462",67,,
"65.ida","C0467",68,,
"65.ida","C0503",69,,
"65.ida","C0504",70,,
"65.ida","C0505",71,,
"65.ida","C0506",72,,
"65.ida","C0507",73,,
"65.ida","C0624",74,,
"65.ida","C0629",75,,
"65.ida","C0638",76,,
"65.ida","C0748",77,,
"65.ida","C0749",78,,
"65.ida","C0768",79,,
"65.ida","C1004",80,,
"65.ida","C1005",81,,
"65.ida","C1006",82,,
"65.ida","C1106",83,,
"63.reg","C0220",1,,
"63.reg","C0228",2,,
"63.reg","C0234",3,,
"63.reg","C0236",4,,
"63.reg","C0238",5,,
"63.reg","C0239",6,,
"63.reg","C0240",7,,
"63.reg","C0241",8,,
"63.reg","C0242",9,,
"63.reg","C0243",10,,
"63.reg","C0244",11,,
"63.reg","C0245",12,,
"63.reg","C0246",13,,
"63.reg","C0247",14,,
"63.reg","C0248",15,,
"63.reg","C0249",16,,
"63.reg","C0250",17,,
"63.reg","C0251",18,,
"63.reg","C0252",19,,
"63.reg","C0253",20,,
"63.reg","C0254",21,,
"63.reg","C0255",22,,
"63.reg","C0256",23,,
"63.reg","C0257",24,,
"63.reg","C0258",25,,
"63.reg","C0259",26,,
"63.reg","C0260",27,,
"63.reg","C0261",28,,
"63.reg","C0262",29,,
"63.reg","C0263",30,,
"63.reg","C0264",31,,
"63.reg","C0265",32,,
"63.reg","C0266",33,,
"63.reg","C0267",34,,
"63.reg","C0269",35,,
"63.reg","C0388",36,,
"63.reg","C0390",37,,
"63.reg","C0412",38,,
"63.reg","C0548",39,,
"63.reg","C0716",40,,
"63.reg","C0717",41,,
"63.reg","C0816",42,,
"63.reg","C0852",43,,
"63.reg","C0856",44,,
"63.reg","C0914",45,,
"63.reg","C3134",46,,
"63.reg","C3135",47,,
"63.reg","C3136",48,,
"63.reg","C3137",49,,
"63.reg","C3138",50,,
"63.reg","C3139",51,,
"63.reg","C3140",52,,
"63.reg","C3141",53,,
"63.reg","C3142",54,,
"63.reg","C3143",55,,
"63.reg","C3144",56,,
"63.reg","C3145",57,,
"63.reg","C3146",58,,
"63.reg","C3147",59,,
"63.reg","C0806",60,,
"63.reg","C0807",61,,
"63.reg","C3389",62,,
"63.reg","C3390",63,,
"63.reg","C3391",64,,
"63.reg","C3392",65,,
"60.reg","C0077",1,,
"60.reg","C0079",2,,
"60.reg","C0081",3,,
"60.reg","C0082",4,,
"60.reg","C0084",5,,
"60.reg","C0085",6,,
"60.reg","C0116",7,,
"60.reg","C0120",8,,
"60.reg","C0123",9,,
"60.reg","C0125",10,,
"60.reg","C0236",11,,
"60.reg","C0267",12,,
"60.reg","C0269",13,,
"60.reg","C0342",14,,
"60.reg","C0343",15,,
"60.reg","C0344",16,,
"60.reg","C0345",17,,
"60.reg","C0346",18,,
"60.reg","C0347",19,,
"60.reg","C0348",20,,
"60.reg","C0349",21,,
"60.reg","C0350",22,,
"60.reg","C0353",23,,
"60.reg","C0355",24,,
"60.reg","C0358",25,,
"60.reg","C0361",26,,
"60.reg","C0362",27,,
"60.reg","C0363",28,,
"60.reg","C0365",29,,
"60.reg","C0369",30,,
"60.reg","C0370",31,,
"60.reg","C0374",32,,
"60.reg","C0376",33,,
"60.reg","C0382",34,,
"60.reg","C0383",35,,
"60.reg","C0385",36,,
"60.reg","C0386",37,,
"60.reg","C0387",38,,
"60.reg","C0388",39,,
"60.reg","C0390",40,,
"60.reg","C0397",41,,
"60.reg","C0401",42,,
"60.reg","C0402",43,,
"60.reg","C0403",44,,
"60.reg","C0404",45,,
"60.reg","C0405",46,,
"60.reg","C0406",47,,
"60.reg","C0407",48,,
"60.reg","C0408",49,,
"60.reg","C0409",50,,
"60.reg","C0410",51,,
"60.reg","C0412",52,,
"60.reg","C0535",53,,
"60.reg","C0538",54,,
"60.reg","C0539",55,,
"60.reg","C0542",56,,
"60.reg","C0543",57,,
"60.reg","C0544",58,,
"60.reg","C0548",59,,
"60.reg","C0555",60,,
"60.reg","C0716",61,,
"60.reg","C0717",62,,
"60.reg","C0813",63,,
"60.reg","C0841",64,,
"60.reg","C0856",65,,
"60.reg","C0857",66,,
"60.reg","C0914",67,,
"60.reg","C0932",68,,
"60.reg","C0933",69,,
"60.reg","C0934",70,,
"60.reg","C0936",71,,
"60.reg","C0986",72,,
"60.reg","C1142",73,,
"d.10.ida","C0207",1,,
"d.10.ida","C0208",2,,
"d.10.ida","C0209",3,,
"d.10.ida","C0210",4,,
"d.10.ida","C0211",5,,
"d.10.ida","C1069",6,,
"d.10.ida","C1245",7,,
"d.10.ida","C1246",8,,
"d.10.ida","C1250",9,,
"d.10.ida","C1251",10,,
"d.10.ida","C1253",11,,
"d.10.ida","C1258",12,,
"d.10.ida","C1261",13,,
"d.10.ida","C1266",14,,
"d.10.ida","C1267",15,,
"d.10.ida","C1526",16,,
"d.10.ida","C1531",17,,
"d.10.ida","C1533",18,,
"d.10.ida","C1537",19,,
"d.10.ida","C1538",20,,
"d.10.ida","C1544",21,,
"d.10.ida","C1548",22,,
"d.10.ida","C1552",23,,
"d.10.ida","C1554",24,,
"d.10.ida","C1558",25,,
"d.10.ida","C1559",26,,
"d.10.ida","C1560",27,,
"d.10.ida","C1561",28,,
"d.10.ida","C1563",29,,
"d.10.ida","C1564",30,,
"d.10.ida","C1565",31,,
"d.10.ida","C1566",32,,
"d.10.ida","C1567",33,,
"d.10.ida","C1568",34,,
"d.10.ida","C1569",35,,
"d.10.ida","C1570",36,,
"d.10.ida","C1571",37,,
"d.10.ida","C1572",38,,
"d.10.ida","C1573",39,,
"d.10.ida","C1574",40,,
"d.10.ida","C1575",41,,
"d.10.ida","C1576",42,,
"d.10.ida","C1577",43,,
"d.10.ida","C1578",44,,
"d.10.ida","C1579",45,,
"d.10.ida","C1580",46,,
"d.10.ida","C1581",47,,
"d.10.ida","C1582",48,,
"d.10.ida","C1583",49,,
"d.10.ida","C1584",50,,
"d.10.ida","C1585",51,,
"d.10.ida","C1586",52,,
"d.10.ida","C1858",53,,
"d.10.ida","C1863",54,,
"d.10.ida","C1868",55,,
"d.10.ida","C1873",56,,
"d.10.ida","C1875",57,,
"d.10.ida","C1879",58,,
"d.10.ida","C2071",59,,
"d.10.ida","C2293",60,,
"d.10.ida","C2308",61,,
"d.10.ida","C2511",62,,
"d.10.ida","C2514",63,,
"d.10.ida","C2527",64,,
"d.10.ida","C2531",65,,
"d.10.ida","C2820",66,,
"d.10.ida","C3386",67,,
"d.10.ida","C3387",68,,
"d.10.ida","C3388",69,,
"d.10.ida","C3398",70,,
"d.10.ida","C3399",71,,
"d.10.ida","C3400",72,,
"d.10.reg","C0191",1,,
"d.10.reg","C0194",2,,
"d.10.reg","C0196",3,,
"d.10.reg","C0197",4,,
"d.10.reg","C0202",5,,
"d.10.reg","C0203",6,,
"d.10.reg","C0205",7,,
"d.10.reg","C0206",8,,
"d.10.reg","C0629",9,,
"d.10.reg","C1014",10,,
"d.10.reg","C1311",11,,
"d.10.reg","C1313",12,,
"d.10.reg","C1318",13,,
"d.10.reg","C1320",14,,
"d.10.reg","C1324",15,,
"d.10.reg","C1327",16,,
"d.10.reg","C1329",17,,
"d.10.reg","C1334",18,,
"d.10.reg","C1601",19,,
"d.10.reg","C1602",20,,
"d.10.reg","C1603",21,,
"d.10.reg","C1604",22,,
"d.10.reg","C1623",23,,
"d.10.reg","C1624",24,,
"d.10.reg","C1625",25,,
"d.10.reg","C1626",26,,
"d.10.reg","C1627",27,,
"d.10.reg","C1628",28,,
"d.10.reg","C1629",29,,
"d.10.reg","C1630",30,,
"d.10.reg","C1631",31,,
"d.10.reg","C1632",32,,
"d.10.reg","C1633",33,,
"d.10.reg","C1634",34,,
"d.10.reg","C1635",35,,
"d.10.reg","C1636",36,,
"d.10.reg","C1637",37,,
"d.10.reg","C1638",38,,
"d.10.reg","C1639",39,,
"d.10.reg","C1640",40,,
"d.10.reg","C1641",41,,
"d.10.reg","C1642",42,,
"d.10.reg","C1643",43,,
"d.10.reg","C1644",44,,
"d.10.reg","C1645",45,,
"d.10.reg","C1646",46,,
"d.10.reg","C1647",47,,
"d.10.reg","C1648",48,,
"d.10.reg","C1649",49,,
"d.10.reg","C1653",50,,
"d.10.reg","C1660",51,,
"d.10.reg","C1663",52,,
"d.10.reg","C1669",53,,
"d.10.reg","C1672",54,,
"d.10.reg","C1674",55,,
"d.10.reg","C1681",56,,
"d.10.reg","C1682",57,,
"d.10.reg","C1728",58,,
"d.10.reg","C1744",59,,
"d.10.reg","C1745",60,,
"d.10.reg","C1749",61,,
"d.10.reg","C1949",62,,
"d.10.reg","C1956",63,,
"d.10.reg","C1971",64,,
"d.10.reg","C2191",65,,
"d.10.reg","C2397",66,,
"d.10.reg","C2398",67,,
"d.10.reg","C2399",68,,
"d.10.reg","C2404",69,,
"d.10.reg","C2419",70,,
"d.10.reg","C2929",71,,
"d.10.reg","C3395",72,,
"d.10.reg","C3396",73,,
"d.10.reg","C3397",74,,
"61.ida","C0044",1,,
"61.ida","C0049",2,,
"61.ida","C0050",3,,
"61.ida","C0051",4,,
"61.ida","C0053",5,,
"61.ida","C0054",6,,
"61.ida","C0187",7,,
"61.ida","C0604",8,,
"61.ida","C0605",9,,
"61.ida","C0606",10,,
"61.ida","C0607",11,,
"61.ida","C0608",12,,
"61.ida","C0609",13,,
"61.ida","C0610",14,,
"61.ida","C0611",15,,
"61.ida","C0614",16,,
"61.ida","C0615",17,,
"61.ida","C0616",18,,
"61.ida","C0617",19,,
"61.ida","C0618",20,,
"61.ida","C0619",21,,
"61.ida","C0620",22,,
"61.ida","C0621",23,,
"61.ida","C0622",24,,
"61.ida","C0623",25,,
"61.ida","C0624",26,,
"61.ida","C0628",27,,
"61.ida","C0629",28,,
"61.ida","C0638",29,,
"61.ida","C0639",30,,
"61.ida","C0640",31,,
"61.ida","C0641",32,,
"61.ida","C0642",33,,
"61.ida","C0643",34,,
"61.ida","C0644",35,,
"61.ida","C0645",36,,
"61.ida","C0646",37,,
"61.ida","C0647",38,,
"61.ida","C0648",39,,
"61.ida","C0649",40,,
"61.ida","C0650",41,,
"61.ida","C0651",42,,
"61.ida","C0652",43,,
"61.ida","C0653",44,,
"61.ida","C0654",45,,
"61.ida","C0655",46,,
"61.ida","C0656",47,,
"61.ida","C0658",48,,
"61.ida","C0659",49,,
"61.ida","C0660",50,,
"61.ida","C0661",51,,
"61.ida","C0662",52,,
"61.ida","C0663",53,,
"61.ida","C0664",54,,
"61.ida","C0665",55,,
"61.ida","C0666",56,,
"61.ida","C0667",57,,
"61.ida","C0668",58,,
"61.ida","C0669",59,,
"61.ida","C0670",60,,
"61.ida","C0671",61,,
"61.ida","C0672",62,,
"61.ida","C0673",63,,
"61.ida","C0752",64,,
"61.ida","C0753",65,,
"61.ida","C0768",66,,
"61.ida","C3115",67,,
"19.reg","C0191",1,,
"19.reg","C0194",2,,
"19.reg","C0196",3,,
"19.reg","C0197",4,,
"19.reg","C0202",5,,
"19.reg","C0203",6,,
"19.reg","C0205",7,,
"19.reg","C0206",8,,
"19.reg","C0629",9,,
"19.reg","C1014",10,,
"19.reg","C1311",11,,
"19.reg","C1313",12,,
"19.reg","C1318",13,,
"19.reg","C1320",14,,
"19.reg","C1324",15,,
"19.reg","C1327",16,,
"19.reg","C1329",17,,
"19.reg","C1334",18,,
"19.reg","C1614",19,,
"19.reg","C1615",20,,
"19.reg","C1616",21,,
"19.reg","C1617",22,,
"19.reg","C1618",23,,
"19.reg","C1619",24,,
"19.reg","C1620",25,,
"19.reg","C1621",26,,
"19.reg","C1622",27,,
"19.reg","C1623",28,,
"19.reg","C1624",29,,
"19.reg","C1625",30,,
"19.reg","C1626",31,,
"19.reg","C1627",32,,
"19.reg","C1628",33,,
"19.reg","C1629",34,,
"19.reg","C1630",35,,
"19.reg","C1631",36,,
"19.reg","C1632",37,,
"19.reg","C1633",38,,
"19.reg","C1634",39,,
"19.reg","C1635",40,,
"19.reg","C1636",41,,
"19.reg","C1637",42,,
"19.reg","C1638",43,,
"19.reg","C1639",44,,
"19.reg","C1640",45,,
"19.reg","C1641",46,,
"19.reg","C1642",47,,
"19.reg","C1643",48,,
"19.reg","C1644",49,,
"19.reg","C1645",50,,
"19.reg","C1646",51,,
"19.reg","C1647",52,,
"19.reg","C1648",53,,
"19.reg","C1649",54,,
"19.reg","C1653",55,,
"19.reg","C1660",56,,
"19.reg","C1663",57,,
"19.reg","C1669",58,,
"19.reg","C1672",59,,
"19.reg","C1674",60,,
"19.reg","C1681",61,,
"19.reg","C1682",62,,
"19.reg","C1728",63,,
"19.reg","C1744",64,,
"19.reg","C1745",65,,
"19.reg","C1749",66,,
"19.reg","C1949",67,,
"19.reg","C1956",68,,
"19.reg","C1971",69,,
"19.reg","C2191",70,,
"19.reg","C2397",71,,
"19.reg","C2398",72,,
"19.reg","C2399",73,,
"19.reg","C2404",74,,
"19.reg","C2419",75,,
"19.reg","C2929",76,,
"19.reg","C3395",77,,
"19.reg","C3396",78,,
"19.reg","C3397",79,,
"12.ida","C0906",1,,
"12.ida","C0908",2,,
"12.ida","C1197",3,,
"12.ida","C1198",4,,
"12.ida","C1199",5,,
"12.ida","C1200",6,,
"12.ida","C1212",7,,
"12.ida","C1217",8,,
"12.ida","C1222",9,,
"12.ida","C1223",10,,
"12.ida","C1232",11,,
"12.ida","C1245",12,,
"12.ida","C1246",13,,
"12.ida","C1250",14,,
"12.ida","C1251",15,,
"12.ida","C1253",16,,
"12.ida","C1258",17,,
"12.ida","C1261",18,,
"12.ida","C1266",19,,
"12.ida","C1267",20,,
"12.ida","C1270",21,,
"12.ida","C1274",22,,
"12.ida","C1393",23,,
"12.ida","C1394",24,,
"12.ida","C1415",25,,
"12.ida","C1420",26,,
"12.ida","C1423",27,,
"12.ida","C1424",28,,
"12.ida","C1533",29,,
"12.ida","C1537",30,,
"12.ida","C1538",31,,
"12.ida","C1544",32,,
"12.ida","C1548",33,,
"12.ida","C1552",34,,
"12.ida","C1554",35,,
"12.ida","C1858",36,,
"12.ida","C1863",37,,
"12.ida","C1868",38,,
"12.ida","C1873",39,,
"12.ida","C1875",40,,
"12.ida","C1879",41,,
"12.ida","C1884",42,,
"12.ida","C1885",43,,
"12.ida","C1889",44,,
"12.ida","C1890",45,,
"12.ida","C1891",46,,
"12.ida","C1892",47,,
"12.ida","C1893",48,,
"12.ida","C1894",49,,
"12.ida","C1895",50,,
"12.ida","C1896",51,,
"12.ida","C1897",52,,
"12.ida","C1898",53,,
"12.ida","C1899",54,,
"12.ida","C1900",55,,
"12.ida","C1901",56,,
"12.ida","C1903",57,,
"12.ida","C1904",58,,
"12.ida","C1905",59,,
"12.ida","C2034",60,,
"12.ida","C2050",61,,
"12.ida","C2059",62,,
"12.ida","C2061",63,,
"12.ida","C2280",64,,
"12.ida","C2287",65,,
"12.ida","C2308",66,,
"12.ida","C2324",67,,
"12.ida","C2507",68,,
"12.ida","C2509",69,,
"12.ida","C2512",70,,
"12.ida","C2513",71,,
"12.ida","C2514",72,,
"12.ida","C2527",73,,
"12.ida","C2531",74,,
"12.ida","C2542",75,,
"12.ida","C2543",76,,
"12.ida","C2547",77,,
"12.ida","C2597",78,,
"12.ida","C2600",79,,
"12.ida","C2731",80,,
"12.ida","C2895",81,,
"12.ida","C2900",82,,
"12.ida","C2903",83,,
"12.ida","C2904",84,,
"12.ida","C2912",85,,
"12.ida","C2913",86,,
"12.ida","C2915",87,,
"12.ida","C2919",88,,
"12.ida","C2946",89,,
"12.ida","C2947",90,,
"12.ida","C2948",91,,
"12.ida","C2949",92,,
"12.ida","C2950",93,,
"12.ida","C2959",94,,
"12.ida","C2984",95,,
"12.ida","C3370",96,,
"12.ida","C3372",97,,
"64.ida","C0060",1,,
"64.ida","C0308",2,,
"64.ida","C0317",3,,
"64.ida","C0320",4,,
"64.ida","C0473",5,,
"64.ida","C0482",6,,
"64.ida","C0483",7,,
"64.ida","C0485",8,,
"64.ida","C0604",9,,
"64.ida","C0605",10,,
"64.ida","C0632",11,,
"64.ida","C0634",12,,
"64.ida","C0740",13,,
"64.ida","C0741",14,,
"64.ida","C0742",15,,
"64.ida","C0743",16,,
"64.ida","C0744",17,,
"64.ida","C0745",18,,
"64.ida","C0746",19,,
"64.ida","C0747",20,,
"64.ida","C0748",21,,
"64.ida","C0749",22,,
"64.ida","C0750",23,,
"64.ida","C0751",24,,
"64.ida","C0752",25,,
"64.ida","C0753",26,,
"64.ida","C0754",27,,
"64.ida","C0755",28,,
"64.ida","C0756",29,,
"64.ida","C0763",30,,
"64.ida","C0764",31,,
"64.ida","C0765",32,,
"64.ida","C0766",33,,
"64.ida","C0768",34,,
"64.ida","C0769",35,,
"64.ida","C0770",36,,
"64.ida","C0771",37,,
"64.ida","C0777",38,,
"64.ida","C0779",39,,
"64.ida","C0780",40,,
"64.ida","C0781",41,,
"64.ida","C0782",42,,
"64.ida","C0783",43,,
"64.ida","C0784",44,,
"64.ida","C0785",45,,
"64.ida","C0786",46,,
"64.ida","C0787",47,,
"64.ida","C0788",48,,
"64.ida","C0792",49,,
"64.ida","C0793",50,,
"64.ida","C0794",51,,
"64.ida","C0795",52,,
"64.ida","C0796",53,,
"64.ida","C0797",54,,
"64.ida","C0798",55,,
"64.ida","C3150",56,,
"64.ida","C3151",57,,
"64.ida","C3152",58,,
"64.ida","C3153",59,,
"64.ida","C3154",60,,
"64.ida","C3155",61,,
"64.ida","C3156",62,,
"64.ida","C3393",63,,
"10.reg","C1014",1,,
"10.reg","C1021",2,,
"10.reg","C1024",3,,
"10.reg","C1293",4,,
"10.reg","C1294",5,,
"10.reg","C1295",6,,
"10.reg","C1296",7,,
"10.reg","C1297",8,,
"10.reg","C1298",9,,
"10.reg","C1299",10,,
"10.reg","C1300",11,,
"10.reg","C1304",12,,
"10.reg","C1305",13,,
"10.reg","C1311",14,,
"10.reg","C1312",15,,
"10.reg","C1313",16,,
"10.reg","C1316",17,,
"10.reg","C1317",18,,
"10.reg","C1318",19,,
"10.reg","C1320",20,,
"10.reg","C1324",21,,
"10.reg","C1327",22,,
"10.reg","C1329",23,,
"10.reg","C1333",24,,
"10.reg","C1334",25,,
"10.reg","C1340",26,,
"10.reg","C1341",27,,
"10.reg","C1351",28,,
"10.reg","C1352",29,,
"10.reg","C1367",30,,
"10.reg","C1370",31,,
"10.reg","C1373",32,,
"10.reg","C1374",33,,
"10.reg","C1375",34,,
"10.reg","C1376",35,,
"10.reg","C1377",36,,
"10.reg","C1380",37,,
"10.reg","C1476",38,,
"10.reg","C1481",39,,
"10.reg","C1483",40,,
"10.reg","C1484",41,,
"10.reg","C1485",42,,
"10.reg","C1486",43,,
"10.reg","C1663",44,,
"10.reg","C1669",45,,
"10.reg","C1672",46,,
"10.reg","C1728",47,,
"10.reg","C1744",48,,
"10.reg","C1745",49,,
"10.reg","C1749",50,,
"10.reg","C1949",51,,
"10.reg","C1958",52,,
"10.reg","C1971",53,,
"10.reg","C1978",54,,
"10.reg","C1982",55,,
"10.reg","C1989",56,,
"10.reg","C1994",57,,
"10.reg","C2191",58,,
"10.reg","C2325",59,,
"10.reg","C2386",60,,
"10.reg","C2389",61,,
"10.reg","C2391",62,,
"10.reg","C2397",63,,
"10.reg","C2398",64,,
"10.reg","C2404",65,,
"10.reg","C2419",66,,
"10.reg","C2426",67,,
"10.reg","C2602",68,,
"10.reg","C2830",69,,
"10.reg","C2841",70,,
"10.reg","C2845",71,,
"10.reg","C2860",72,,
"10.reg","C2997",73,,
"10.reg","C2998",74,,
"10.reg","C2999",75,,
"10.reg","C3007",76,,
"10.reg","C3008",77,,
"10.reg","C3009",78,,
"10.reg","C3016",79,,
"10.reg","C3017",80,,
"10.reg","C3020",81,,
"10.reg","C3022",82,,
"10.reg","C3023",83,,
"10.reg","C3029",84,,
"10.reg","C3030",85,,
"10.reg","C3032",86,,
"67.reg","C0077",1,,
"67.reg","C0194",2,,
"67.reg","C0196",3,,
"67.reg","C0197",4,,
"67.reg","C0202",5,,
"67.reg","C0203",6,,
"67.reg","C0205",7,,
"67.reg","C0206",8,,
"67.reg","C0369",9,,
"67.reg","C0370",10,,
"67.reg","C0520",11,,
"67.reg","C0538",12,,
"67.reg","C0539",13,,
"67.reg","C0542",14,,
"67.reg","C0841",15,,
"67.reg","C1124",16,,
"67.reg","C1125",17,,
"67.reg","C1126",18,,
"67.reg","C1127",19,,
"67.reg","C1128",20,,
"67.reg","C1129",21,,
"67.reg","C1130",22,,
"67.reg","C1131",23,,
"67.reg","C1132",24,,
"67.reg","C1133",25,,
"67.reg","C1134",26,,
"67.reg","C1135",27,,
"67.reg","C1136",28,,
"67.reg","C1137",29,,
"67.reg","C1138",30,,
"67.reg","C1139",31,,
"67.reg","C1140",32,,
"67.reg","C1141",33,,
"67.reg","C1142",34,,
"67.reg","C1144",35,,
"67.reg","C1145",36,,
"67.reg","C1146",37,,
"67.reg","C1147",38,,
"67.reg","C1148",39,,
"67.reg","C1149",40,,
"67.reg","C1151",41,,
"67.reg","C1152",42,,
"67.reg","C1153",43,,
"67.reg","C1154",44,,
"67.reg","C1155",45,,
"67.reg","C1156",46,,
"67.reg","C1157",47,,
"67.reg","C1158",48,,
"67.reg","C1159",49,,
"67.reg","C1160",50,,
"67.reg","C1161",51,,
"67.reg","C1162",52,,
"67.reg","C1163",53,,
"67.reg","C1164",54,,
"67.reg","C1165",55,,
"67.reg","C1166",56,,
"67.reg","C1167",57,,
"67.reg","C1168",58,,
"67.reg","C1169",59,,
"67.reg","C1170",60,,
"67.reg","C1171",61,,
"67.reg","C1178",62,,
"67.reg","C1179",63,,
"67.reg","C1180",64,,
"67.reg","C1681",65,,
"67.reg","C1682",66,,
"67.reg","C2929",67,,
"67.reg","C3395",68,,
"67.reg","C3396",69,,
"67.reg","C3397",70,,
"65.reg","C0074",1,,
"65.reg","C0075",2,,
"65.reg","C0077",3,,
"65.reg","C0079",4,,
"65.reg","C0081",5,,
"65.reg","C0082",6,,
"65.reg","C0083",7,,
"65.reg","C0084",8,,
"65.reg","C0085",9,,
"65.reg","C0088",10,,
"65.reg","C0089",11,,
"65.reg","C0090",12,,
"65.reg","C0092",13,,
"65.reg","C0093",14,,
"65.reg","C0094",15,,
"65.reg","C0095",16,,
"65.reg","C0100",17,,
"65.reg","C0103",18,,
"65.reg","C0104",19,,
"65.reg","C0106",20,,
"65.reg","C0107",21,,
"65.reg","C0110",22,,
"65.reg","C0111",23,,
"65.reg","C0112",24,,
"65.reg","C0113",25,,
"65.reg","C0125",26,,
"65.reg","C0126",27,,
"65.reg","C0127",28,,
"65.reg","C0128",29,,
"65.reg","C0129",30,,
"65.reg","C0130",31,,
"65.reg","C0131",32,,
"65.reg","C0132",33,,
"65.reg","C0133",34,,
"65.reg","C0134",35,,
"65.reg","C0135",36,,
"65.reg","C0136",37,,
"65.reg","C0137",38,,
"65.reg","C0142",39,,
"65.reg","C0267",40,,
"65.reg","C0353",41,,
"65.reg","C0355",42,,
"65.reg","C0361",43,,
"65.reg","C0362",44,,
"65.reg","C0381",45,,
"65.reg","C0412",46,,
"65.reg","C0509",47,,
"65.reg","C0510",48,,
"65.reg","C0511",49,,
"65.reg","C0512",50,,
"65.reg","C0548",51,,
"65.reg","C0560",52,,
"65.reg","C0561",53,,
"65.reg","C0562",54,,
"65.reg","C0563",55,,
"65.reg","C0564",56,,
"65.reg","C0565",57,,
"65.reg","C0566",58,,
"65.reg","C0567",59,,
"65.reg","C0568",60,,
"65.reg","C0569",61,,
"65.reg","C0570",62,,
"65.reg","C0571",63,,
"65.reg","C0572",64,,
"65.reg","C0573",65,,
"65.reg","C0582",66,,
"65.reg","C0705",67,,
"65.reg","C0716",68,,
"65.reg","C0986",69,,
"65.reg","C1142",70,,
"65.reg","C1446",71,,
"65.reg","C2820",72,,
"65.reg","C2821",73,,
"65.reg","C2822",74,,
"65.reg","C3031",75,,
"65.reg","C3033",76,,
"65.reg","C3034",77,,
"65.reg","C3035",78,,
"65.reg","C3046",79,,
"65.reg","C3047",80,,
"65.reg","C3048",81,,
"10.ida","C0906",1,,
"10.ida","C0908",2,,
"10.ida","C1197",3,,
"10.ida","C1198",4,,
"10.ida","C1199",5,,
"10.ida","C1200",6,,
"10.ida","C1206",7,,
"10.ida","C1207",8,,
"10.ida","C1212",9,,
"10.ida","C1217",10,,
"10.ida","C1222",11,,
"10.ida","C1223",12,,
"10.ida","C1232",13,,
"10.ida","C1245",14,,
"10.ida","C1246",15,,
"10.ida","C1250",16,,
"10.ida","C1251",17,,
"10.ida","C1253",18,,
"10.ida","C1258",19,,
"10.ida","C1261",20,,
"10.ida","C1266",21,,
"10.ida","C1267",22,,
"10.ida","C1270",23,,
"10.ida","C1274",24,,
"10.ida","C1275",25,,
"10.ida","C1276",26,,
"10.ida","C1277",27,,
"10.ida","C1278",28,,
"10.ida","C1279",29,,
"10.ida","C1280",30,,
"10.ida","C1281",31,,
"10.ida","C1282",32,,
"10.ida","C1283",33,,
"10.ida","C1415",34,,
"10.ida","C1420",35,,
"10.ida","C1423",36,,
"10.ida","C1424",37,,
"10.ida","C1533",38,,
"10.ida","C1537",39,,
"10.ida","C1538",40,,
"10.ida","C1544",41,,
"10.ida","C1548",42,,
"10.ida","C1552",43,,
"10.ida","C1554",44,,
"10.ida","C1858",45,,
"10.ida","C1863",46,,
"10.ida","C1868",47,,
"10.ida","C1873",48,,
"10.ida","C1875",49,,
"10.ida","C1879",50,,
"10.ida","C1884",51,,
"10.ida","C2034",52,,
"10.ida","C2036",53,,
"10.ida","C2050",54,,
"10.ida","C2059",55,,
"10.ida","C2061",56,,
"10.ida","C2280",57,,
"10.ida","C2287",58,,
"10.ida","C2308",59,,
"10.ida","C2324",60,,
"10.ida","C2507",61,,
"10.ida","C2509",62,,
"10.ida","C2512",63,,
"10.ida","C2513",64,,
"10.ida","C2514",65,,
"10.ida","C2527",66,,
"10.ida","C2531",67,,
"10.ida","C2542",68,,
"10.ida","C2543",69,,
"10.ida","C2731",70,,
"10.ida","C2894",71,,
"10.ida","C2895",72,,
"10.ida","C2900",73,,
"10.ida","C2903",74,,
"10.ida","C2904",75,,
"10.ida","C2912",76,,
"10.ida","C2913",77,,
"10.ida","C2915",78,,
"10.ida","C2919",79,,
"10.ida","C2946",80,,
"10.ida","C2947",81,,
"10.ida","C2948",82,,
"10.ida","C2949",83,,
"10.ida","C2950",84,,
"10.ida","C2953",85,,
"10.ida","C2959",86,,
"10.ida","C2984",87,,
"67.ida","C0207",1,,
"67.ida","C0208",2,,
"67.ida","C0209",3,,
"67.ida","C0210",4,,
"67.ida","C0211",5,,
"67.ida","C0219",6,,
"67.ida","C0311",7,,
"67.ida","C0312",8,,
"67.ida","C0313",9,,
"67.ida","C0317",10,,
"67.ida","C0482",11,,
"67.ida","C0483",12,,
"67.ida","C0498",13,,
"67.ida","C1068",14,,
"67.ida","C1069",15,,
"67.ida","C1074",16,,
"67.ida","C1075",17,,
"67.ida","C1076",18,,
"67.ida","C1080",19,,
"67.ida","C1081",20,,
"67.ida","C1082",21,,
"67.ida","C1083",22,,
"67.ida","C1084",23,,
"67.ida","C1085",24,,
"67.ida","C1086",25,,
"67.ida","C1087",26,,
"67.ida","C1088",27,,
"67.ida","C1089",28,,
"67.ida","C1090",29,,
"67.ida","C1091",30,,
"67.ida","C1092",31,,
"67.ida","C1093",32,,
"67.ida","C1094",33,,
"67.ida","C1095",34,,
"67.ida","C1096",35,,
"67.ida","C1097",36,,
"67.ida","C1098",37,,
"67.ida","C1100",38,,
"67.ida","C1101",39,,
"67.ida","C1102",40,,
"67.ida","C1103",41,,
"67.ida","C1104",42,,
"67.ida","C1105",43,,
"67.ida","C1106",44,,
"67.ida","C1107",45,,
"67.ida","C1108",46,,
"67.ida","C1109",47,,
"67.ida","C1110",48,,
"67.ida","C1111",49,,
"67.ida","C1112",50,,
"67.ida","C1113",51,,
"67.ida","C1114",52,,
"67.ida","C1115",53,,
"67.ida","C1116",54,,
"67.ida","C1117",55,,
"67.ida","C1118",56,,
"67.ida","C1119",57,,
"67.ida","C1120",58,,
"67.ida","C1121",59,,
"67.ida","C1122",60,,
"67.ida","C1123",61,,
"67.ida","C2820",62,,
"67.ida","C3398",63,,
"67.ida","C3399",64,,
"67.ida","C3400",65,,
"66.reg","C0022",1,,
"66.reg","C0026",2,,
"66.reg","C0029",3,,
"66.reg","C0044",4,,
"66.reg","C0175",5,,
"66.reg","C0187",6,,
"66.reg","C0291",7,,
"66.reg","C0294",8,,
"66.reg","C0304",9,,
"66.reg","C0433",10,,
"66.reg","C0434",11,,
"66.reg","C0435",12,,
"66.reg","C0467",13,,
"66.reg","C0624",14,,
"66.reg","C0961",15,,
"66.reg","C0962",16,,
"66.reg","C0963",17,,
"66.reg","C0964",18,,
"66.reg","C0965",19,,
"66.reg","C0966",20,,
"66.reg","C0967",21,,
"66.reg","C0968",22,,
"66.reg","C0969",23,,
"66.reg","C0970",24,,
"66.reg","C0971",25,,
"66.reg","C0972",26,,
"66.reg","C0973",27,,
"66.reg","C0974",28,,
"66.reg","C0975",29,,
"66.reg","C0976",30,,
"66.reg","C0977",31,,
"66.reg","C0978",32,,
"66.reg","C0979",33,,
"66.reg","C0980",34,,
"66.reg","C0981",35,,
"66.reg","C0982",36,,
"66.reg","C0983",37,,
"66.reg","C0984",38,,
"66.reg","C0986",39,,
"66.reg","C0988",40,,
"66.reg","C0989",41,,
"66.reg","C0990",42,,
"66.reg","C0991",43,,
"66.reg","C0993",44,,
"66.reg","C0996",45,,
"66.reg","C0999",46,,
"66.reg","C1000",47,,
"66.reg","C1001",48,,
"66.reg","C1002",49,,
"66.reg","C1003",50,,
"66.reg","C1004",51,,
"66.reg","C1005",52,,
"66.reg","C1006",53,,
"66.reg","C3405",54,,
"66.reg","C3406",55,,
"66.reg","C3407",56,,
"13.ida","C0207",1,,
"13.ida","C0208",2,,
"13.ida","C0209",3,,
"13.ida","C0210",4,,
"13.ida","C0211",5,,
"13.ida","C1069",6,,
"13.ida","C1245",7,,
"13.ida","C1246",8,,
"13.ida","C1250",9,,
"13.ida","C1251",10,,
"13.ida","C1253",11,,
"13.ida","C1258",12,,
"13.ida","C1261",13,,
"13.ida","C1266",14,,
"13.ida","C1267",15,,
"13.ida","C1526",16,,
"13.ida","C1531",17,,
"13.ida","C1533",18,,
"13.ida","C1537",19,,
"13.ida","C1538",20,,
"13.ida","C1544",21,,
"13.ida","C1548",22,,
"13.ida","C1552",23,,
"13.ida","C1554",24,,
"13.ida","C1558",25,,
"13.ida","C1559",26,,
"13.ida","C1560",27,,
"13.ida","C1561",28,,
"13.ida","C1563",29,,
"13.ida","C1564",30,,
"13.ida","C1565",31,,
"13.ida","C1566",32,,
"13.ida","C1567",33,,
"13.ida","C1568",34,,
"13.ida","C1569",35,,
"13.ida","C1570",36,,
"13.ida","C1571",37,,
"13.ida","C1572",38,,
"13.ida","C1573",39,,
"13.ida","C1574",40,,
"13.ida","C1575",41,,
"13.ida","C1576",42,,
"13.ida","C1577",43,,
"13.ida","C1578",44,,
"13.ida","C1579",45,,
"13.ida","C1580",46,,
"13.ida","C1581",47,,
"13.ida","C1582",48,,
"13.ida","C1583",49,,
"13.ida","C1584",50,,
"13.ida","C1585",51,,
"13.ida","C1586",52,,
"13.ida","C1587",53,,
"13.ida","C1588",54,,
"13.ida","C1589",55,,
"13.ida","C1590",56,,
"13.ida","C1591",57,,
"13.ida","C1592",58,,
"13.ida","C1593",59,,
"13.ida","C1858",60,,
"13.ida","C1863",61,,
"13.ida","C1868",62,,
"13.ida","C1873",63,,
"13.ida","C1875",64,,
"13.ida","C1879",65,,
"13.ida","C2071",66,,
"13.ida","C2293",67,,
"13.ida","C2308",68,,
"13.ida","C2511",69,,
"13.ida","C2514",70,,
"13.ida","C2527",71,,
"13.ida","C2531",72,,
"13.ida","C2820",73,,
"13.ida","C3398",74,,
"13.ida","C3399",75,,
"13.ida","C3400",76,,
"61.reg","C0092",1,,
"61.reg","C0220",2,,
"61.reg","C0548",3,,
"61.reg","C0675",4,,
"61.reg","C0676",5,,
"61.reg","C0677",6,,
"61.reg","C0678",7,,
"61.reg","C0679",8,,
"61.reg","C0680",9,,
"61.reg","C0681",10,,
"61.reg","C0682",11,,
"61.reg","C0683",12,,
"61.reg","C0684",13,,
"61.reg","C0685",14,,
"61.reg","C0686",15,,
"61.reg","C0687",16,,
"61.reg","C0688",17,,
"61.reg","C0689",18,,
"61.reg","C0690",19,,
"61.reg","C0691",20,,
"61.reg","C0692",21,,
"61.reg","C0693",22,,
"61.reg","C0694",23,,
"61.reg","C0695",24,,
"61.reg","C0696",25,,
"61.reg","C0698",26,,
"61.reg","C0699",27,,
"61.reg","C0700",28,,
"61.reg","C0701",29,,
"61.reg","C0702",30,,
"61.reg","C0703",31,,
"61.reg","C0704",32,,
"61.reg","C0705",33,,
"61.reg","C0711",34,,
"61.reg","C0716",35,,
"61.reg","C0717",36,,
"61.reg","C0718",37,,
"61.reg","C0719",38,,
"61.reg","C0720",39,,
"61.reg","C0721",40,,
"61.reg","C0722",41,,
"61.reg","C0723",42,,
"61.reg","C0724",43,,
"61.reg","C0725",44,,
"61.reg","C0726",45,,
"61.reg","C0727",46,,
"61.reg","C0728",47,,
"61.reg","C0729",48,,
"61.reg","C0730",49,,
"61.reg","C0731",50,,
"61.reg","C0732",51,,
"61.reg","C0733",52,,
"61.reg","C0734",53,,
"61.reg","C0735",54,,
"61.reg","C0737",55,,
"61.reg","C0814",56,,
"61.reg","C0847",57,,
"61.reg","C0848",58,,
"61.reg","C0871",59,,
"61.reg","C1017",60,,
"61.reg","C1018",61,,
"61.reg","C3120",62,,
"59.reg","C0812",1,,
"13.reg","C0191",1,,
"13.reg","C0194",2,,
"13.reg","C0196",3,,
"13.reg","C0197",4,,
"13.reg","C0202",5,,
"13.reg","C0203",6,,
"13.reg","C0205",7,,
"13.reg","C0206",8,,
"13.reg","C0629",9,,
"13.reg","C1014",10,,
"13.reg","C1311",11,,
"13.reg","C1313",12,,
"13.reg","C1318",13,,
"13.reg","C1320",14,,
"13.reg","C1324",15,,
"13.reg","C1327",16,,
"13.reg","C1329",17,,
"13.reg","C1334",18,,
"13.reg","C1594",19,,
"13.reg","C1595",20,,
"13.reg","C1596",21,,
"13.reg","C1597",22,,
"13.reg","C1598",23,,
"13.reg","C1599",24,,
"13.reg","C1600",25,,
"13.reg","C1601",26,,
"13.reg","C1602",27,,
"13.reg","C1603",28,,
"13.reg","C1604",29,,
"13.reg","C1623",30,,
"13.reg","C1624",31,,
"13.reg","C1625",32,,
"13.reg","C1626",33,,
"13.reg","C1627",34,,
"13.reg","C1628",35,,
"13.reg","C1629",36,,
"13.reg","C1630",37,,
"13.reg","C1631",38,,
"13.reg","C1632",39,,
"13.reg","C1633",40,,
"13.reg","C1634",41,,
"13.reg","C1635",42,,
"13.reg","C1636",43,,
"13.reg","C1637",44,,
"13.reg","C1638",45,,
"13.reg","C1639",46,,
"13.reg","C1640",47,,
"13.reg","C1641",48,,
"13.reg","C1642",49,,
"13.reg","C1643",50,,
"13.reg","C1644",51,,
"13.reg","C1645",52,,
"13.reg","C1646",53,,
"13.reg","C1647",54,,
"13.reg","C1648",55,,
"13.reg","C1649",56,,
"13.reg","C1653",57,,
"13.reg","C1660",58,,
"13.reg","C1663",59,,
"13.reg","C1669",60,,
"13.reg","C1672",61,,
"13.reg","C1674",62,,
"13.reg","C1681",63,,
"13.reg","C1682",64,,
"13.reg","C1728",65,,
"13.reg","C1744",66,,
"13.reg","C1745",67,,
"13.reg","C1749",68,,
"13.reg","C1949",69,,
"13.reg","C1956",70,,
"13.reg","C1971",71,,
"13.reg","C2191",72,,
"13.reg","C2397",73,,
"13.reg","C2398",74,,
"13.reg","C2399",75,,
"13.reg","C2404",76,,
"13.reg","C2419",77,,
"13.reg","C2929",78,,
"13.reg","C3395",79,,
"13.reg","C3396",80,,
"13.reg","C3397",81,,
"16.ida","C0207",1,,
"16.ida","C0208",2,,
"16.ida","C0209",3,,
"16.ida","C0210",4,,
"16.ida","C0211",5,,
"16.ida","C0212",6,,
"16.ida","C0220",7,,
"16.ida","C0548",8,,
"16.ida","C0711",9,,
"16.ida","C0847",10,,
"16.ida","C0848",11,,
"16.ida","C0852",12,,
"16.ida","C1017",13,,
"16.ida","C1351",14,,
"16.ida","C1352",15,,
"16.ida","C1370",16,,
"16.ida","C1476",17,,
"16.ida","C1481",18,,
"16.ida","C1483",19,,
"16.ida","C1486",20,,
"16.ida","C1989",21,,
"16.ida","C1994",22,,
"16.ida","C2838",23,,
"16.ida","C2841",24,,
"16.ida","C2845",25,,
"16.ida","C2848",26,,
"16.ida","C2859",27,,
"16.ida","C2860",28,,
"16.ida","C2863",29,,
"16.ida","C2864",30,,
"16.ida","C2865",31,,
"16.ida","C2866",32,,
"16.ida","C2867",33,,
"16.ida","C2868",34,,
"16.ida","C2869",35,,
"16.ida","C2870",36,,
"16.ida","C2871",37,,
"16.ida","C2872",38,,
"16.ida","C2873",39,,
"16.ida","C2874",40,,
"16.ida","C2875",41,,
"16.ida","C2999",42,,
"16.ida","C3008",43,,
"16.ida","C3009",44,,
"16.ida","C3016",45,,
"16.ida","C3017",46,,
"16.ida","C3020",47,,
"16.ida","C3401",48,,
"16.ida","C3402",49,,
"16.ida","C3403",50,,
"16.ida","C3404",51,,
"16.ida","C3408",52,,
"b.61.ida","C0342",1,,
"b.61.ida","C0343",2,,
"b.61.ida","C0344",3,,
"b.61.ida","C0345",4,,
"b.61.ida","C0346",5,,
"b.61.ida","C0347",6,,
"b.61.ida","C0348",7,,
"b.61.ida","C0349",8,,
"b.61.ida","C0350",9,,
"b.61.ida","C1106",10,,
"b.61.ida","C1107",11,,
"b.61.ida","C1108",12,,
"b.61.ida","C1109",13,,
"b.61.ida","C1110",14,,
"b.61.ida","C1111",15,,
"b.61.ida","C1112",16,,
"b.61.ida","C3200",17,,
"b.61.ida","C3201",18,,
"b.61.ida","C3202",19,,
"b.61.ida","C3203",20,,
"b.61.ida","C3204",21,,
"b.61.ida","C3205",22,,
"12.reg","C1014",1,,
"12.reg","C1015",2,,
"12.reg","C1021",3,,
"12.reg","C1024",4,,
"12.reg","C1304",5,,
"12.reg","C1305",6,,
"12.reg","C1311",7,,
"12.reg","C1320",8,,
"12.reg","C1324",9,,
"12.reg","C1327",10,,
"12.reg","C1329",11,,
"12.reg","C1333",12,,
"12.reg","C1334",13,,
"12.reg","C1340",14,,
"12.reg","C1341",15,,
"12.reg","C1351",16,,
"12.reg","C1352",17,,
"12.reg","C1367",18,,
"12.reg","C1374",19,,
"12.reg","C1375",20,,
"12.reg","C1376",21,,
"12.reg","C1377",22,,
"12.reg","C1380",23,,
"12.reg","C1476",24,,
"12.reg","C1481",25,,
"12.reg","C1483",26,,
"12.reg","C1484",27,,
"12.reg","C1485",28,,
"12.reg","C1486",29,,
"12.reg","C1502",30,,
"12.reg","C1503",31,,
"12.reg","C1538",32,,
"12.reg","C1653",33,,
"12.reg","C1663",34,,
"12.reg","C1672",35,,
"12.reg","C1697",36,,
"12.reg","C1698",37,,
"12.reg","C1699",38,,
"12.reg","C1700",39,,
"12.reg","C1703",40,,
"12.reg","C1704",41,,
"12.reg","C1705",42,,
"12.reg","C1706",43,,
"12.reg","C1707",44,,
"12.reg","C1708",45,,
"12.reg","C1709",46,,
"12.reg","C1710",47,,
"12.reg","C1711",48,,
"12.reg","C1712",49,,
"12.reg","C1713",50,,
"12.reg","C1714",51,,
"12.reg","C1715",52,,
"12.reg","C1716",53,,
"12.reg","C1717",54,,
"12.reg","C1719",55,,
"12.reg","C1720",56,,
"12.reg","C1728",57,,
"12.reg","C1732",58,,
"12.reg","C1737",59,,
"12.reg","C1744",60,,
"12.reg","C1745",61,,
"12.reg","C1749",62,,
"12.reg","C1756",63,,
"12.reg","C1922",64,,
"12.reg","C1949",65,,
"12.reg","C1956",66,,
"12.reg","C1958",67,,
"12.reg","C1971",68,,
"12.reg","C1978",69,,
"12.reg","C1982",70,,
"12.reg","C1989",71,,
"12.reg","C1994",72,,
"12.reg","C2146",73,,
"12.reg","C2172",74,,
"12.reg","C2191",75,,
"12.reg","C2382",76,,
"12.reg","C2386",77,,
"12.reg","C2389",78,,
"12.reg","C2391",79,,
"12.reg","C2397",80,,
"12.reg","C2398",81,,
"12.reg","C2399",82,,
"12.reg","C2404",83,,
"12.reg","C2426",84,,
"12.reg","C2602",85,,
"12.reg","C2830",86,,
"12.reg","C2841",87,,
"12.reg","C2845",88,,
"12.reg","C2860",89,,
"12.reg","C2997",90,,
"12.reg","C2998",91,,
"12.reg","C2999",92,,
"12.reg","C3007",93,,
"12.reg","C3008",94,,
"12.reg","C3009",95,,
"12.reg","C3016",96,,
"12.reg","C3017",97,,
"12.reg","C3029",98,,
"12.reg","C3030",99,,
"12.reg","C3032",100,,
"12.reg","C3371",101,,
"12.reg","C3373",102,,
"15.reg","C1245",1,,
"15.reg","C1246",2,,
"15.reg","C1250",3,,
"15.reg","C1251",4,,
"15.reg","C1253",5,,
"15.reg","C1258",6,,
"15.reg","C1261",7,,
"15.reg","C1266",8,,
"15.reg","C1267",9,,
"15.reg","C1270",10,,
"15.reg","C1533",11,,
"15.reg","C1537",12,,
"15.reg","C1544",13,,
"15.reg","C1548",14,,
"15.reg","C1552",15,,
"15.reg","C1554",16,,
"15.reg","C1669",17,,
"15.reg","C1719",18,,
"15.reg","C1858",19,,
"15.reg","C1863",20,,
"15.reg","C1873",21,,
"15.reg","C1875",22,,
"15.reg","C1879",23,,
"15.reg","C1884",24,,
"15.reg","C1885",25,,
"15.reg","C2308",26,,
"15.reg","C2324",27,,
"15.reg","C2367",28,,
"15.reg","C2512",29,,
"15.reg","C2513",30,,
"15.reg","C2514",31,,
"15.reg","C2527",32,,
"15.reg","C2528",33,,
"15.reg","C2531",34,,
"15.reg","C2542",35,,
"15.reg","C2543",36,,
"15.reg","C2547",37,,
"15.reg","C2549",38,,
"15.reg","C2550",39,,
"15.reg","C2562",40,,
"15.reg","C2726",41,,
"15.reg","C2727",42,,
"15.reg","C2728",43,,
"15.reg","C2729",44,,
"15.reg","C2730",45,,
"15.reg","C2731",46,,
"15.reg","C2786",47,,
"15.reg","C2789",48,,
"15.reg","C2790",49,,
"15.reg","C2791",50,,
"15.reg","C2792",51,,
"15.reg","C2793",52,,
"15.reg","C2794",53,,
"15.reg","C2795",54,,
"15.reg","C2796",55,,
"15.reg","C2797",56,,
"15.reg","C2798",57,,
"15.reg","C2799",58,,
"15.reg","C2802",59,,
"15.reg","C2803",60,,
"15.reg","C2804",61,,
"15.reg","C2805",62,,
"15.reg","C2806",63,,
"15.reg","C2807",64,,
"15.reg","C2808",65,,
"15.reg","C2809",66,,
"15.reg","C3100",67,,
"60.ida","C0004",1,,
"60.ida","C0005",2,,
"60.ida","C0006",3,,
"60.ida","C0023",4,,
"60.ida","C0024",5,,
"60.ida","C0026",6,,
"60.ida","C0029",7,,
"60.ida","C0040",8,,
"60.ida","C0060",9,,
"60.ida","C0063",10,,
"60.ida","C0064",11,,
"60.ida","C0177",12,,
"60.ida","C0178",13,,
"60.ida","C0219",14,,
"60.ida","C0273",15,,
"60.ida","C0274",16,,
"60.ida","C0275",17,,
"60.ida","C0276",18,,
"60.ida","C0277",19,,
"60.ida","C0278",20,,
"60.ida","C0279",21,,
"60.ida","C0280",22,,
"60.ida","C0281",23,,
"60.ida","C0282",24,,
"60.ida","C0283",25,,
"60.ida","C0284",26,,
"60.ida","C0291",27,,
"60.ida","C0294",28,,
"60.ida","C0295",29,,
"60.ida","C0296",30,,
"60.ida","C0299",31,,
"60.ida","C0300",32,,
"60.ida","C0304",33,,
"60.ida","C0306",34,,
"60.ida","C0307",35,,
"60.ida","C0308",36,,
"60.ida","C0311",37,,
"60.ida","C0312",38,,
"60.ida","C0313",39,,
"60.ida","C0316",40,,
"60.ida","C0317",41,,
"60.ida","C0318",42,,
"60.ida","C0320",43,,
"60.ida","C0324",44,,
"60.ida","C0326",45,,
"60.ida","C0328",46,,
"60.ida","C0329",47,,
"60.ida","C0330",48,,
"60.ida","C0331",49,,
"60.ida","C0333",50,,
"60.ida","C0334",51,,
"60.ida","C0335",52,,
"60.ida","C0336",53,,
"60.ida","C0337",54,,
"60.ida","C0338",55,,
"60.ida","C0339",56,,
"60.ida","C0340",57,,
"60.ida","C0341",58,,
"60.ida","C0465",59,,
"60.ida","C0467",60,,
"60.ida","C0473",61,,
"60.ida","C0483",62,,
"60.ida","C0485",63,,
"60.ida","C0624",64,,
"60.ida","C0777",65,,
"60.ida","C0942",66,,
"60.ida","C0991",67,,
"60.ida","C0993",68,,
"60.ida","C0999",69,,
"60.ida","C1074",70,,
"60.ida","C1075",71,,
"60.ida","C1106",72,,
"64.reg","C0220",1,,
"64.reg","C0361",2,,
"64.reg","C0362",3,,
"64.reg","C0363",4,,
"64.reg","C0365",5,,
"64.reg","C0535",6,,
"64.reg","C0538",7,,
"64.reg","C0548",8,,
"64.reg","C0711",9,,
"64.reg","C0716",10,,
"64.reg","C0717",11,,
"64.reg","C0735",12,,
"64.reg","C0737",13,,
"64.reg","C0817",14,,
"64.reg","C0818",15,,
"64.reg","C0819",16,,
"64.reg","C0820",17,,
"64.reg","C0821",18,,
"64.reg","C0827",19,,
"64.reg","C0828",20,,
"64.reg","C0829",21,,
"64.reg","C0830",22,,
"64.reg","C0831",23,,
"64.reg","C0832",24,,
"64.reg","C0833",25,,
"64.reg","C0834",26,,
"64.reg","C0835",27,,
"64.reg","C0841",28,,
"64.reg","C0843",29,,
"64.reg","C0844",30,,
"64.reg","C0846",31,,
"64.reg","C0847",32,,
"64.reg","C0848",33,,
"64.reg","C0852",34,,
"64.reg","C0856",35,,
"64.reg","C0857",36,,
"64.reg","C0858",37,,
"64.reg","C0859",38,,
"64.reg","C0860",39,,
"64.reg","C0861",40,,
"64.reg","C0862",41,,
"64.reg","C0863",42,,
"64.reg","C0864",43,,
"64.reg","C0865",44,,
"64.reg","C0866",45,,
"64.reg","C0867",46,,
"64.reg","C0868",47,,
"64.reg","C0869",48,,
"64.reg","C0871",49,,
"64.reg","C1017",50,,
"64.reg","C3394",51,,
"62.reg","C0365",1,,
"62.reg","C0369",2,,
"62.reg","C0370",3,,
"62.reg","C0374",4,,
"62.reg","C0382",5,,
"62.reg","C0383",6,,
"62.reg","C0385",7,,
"62.reg","C0508",8,,
"62.reg","C0509",9,,
"62.reg","C0510",10,,
"62.reg","C0511",11,,
"62.reg","C0512",12,,
"62.reg","C0513",13,,
"62.reg","C0514",14,,
"62.reg","C0515",15,,
"62.reg","C0517",16,,
"62.reg","C0518",17,,
"62.reg","C0519",18,,
"62.reg","C0520",19,,
"62.reg","C0522",20,,
"62.reg","C0523",21,,
"62.reg","C0524",22,,
"62.reg","C0525",23,,
"62.reg","C0526",24,,
"62.reg","C0527",25,,
"62.reg","C0528",26,,
"62.reg","C0529",27,,
"62.reg","C0530",28,,
"62.reg","C0531",29,,
"62.reg","C0532",30,,
"62.reg","C0533",31,,
"62.reg","C0534",32,,
"62.reg","C0535",33,,
"62.reg","C0538",34,,
"62.reg","C0539",35,,
"62.reg","C0542",36,,
"62.reg","C0543",37,,
"62.reg","C0544",38,,
"62.reg","C0548",39,,
"62.reg","C0555",40,,
"62.reg","C0557",41,,
"62.reg","C0558",42,,
"62.reg","C0559",43,,
"62.reg","C0560",44,,
"62.reg","C0561",45,,
"62.reg","C0562",46,,
"62.reg","C0563",47,,
"62.reg","C0564",48,,
"62.reg","C0565",49,,
"62.reg","C0566",50,,
"62.reg","C0567",51,,
"62.reg","C0568",52,,
"62.reg","C0569",53,,
"62.reg","C0570",54,,
"62.reg","C0571",55,,
"62.reg","C0572",56,,
"62.reg","C0573",57,,
"62.reg","C0574",58,,
"62.reg","C0575",59,,
"62.reg","C0576",60,,
"62.reg","C0577",61,,
"62.reg","C0578",62,,
"62.reg","C0579",63,,
"62.reg","C0580",64,,
"62.reg","C0581",65,,
"62.reg","C0582",66,,
"62.reg","C0583",67,,
"62.reg","C0584",68,,
"62.reg","C0585",69,,
"62.reg","C0586",70,,
"62.reg","C0587",71,,
"62.reg","C0588",72,,
"62.reg","C0589",73,,
"62.reg","C0590",74,,
"62.reg","C0591",75,,
"62.reg","C0592",76,,
"62.reg","C0593",77,,
"62.reg","C0594",78,,
"62.reg","C0595",79,,
"62.reg","C0596",80,,
"62.reg","C0597",81,,
"62.reg","C0598",82,,
"62.reg","C0599",83,,
"62.reg","C0600",84,,
"62.reg","C0601",85,,
"62.reg","C0602",86,,
"62.reg","C0603",87,,
"62.reg","C0716",88,,
"62.reg","C0717",89,,
"62.reg","C0815",90,,
"62.reg","C0841",91,,
"62.reg","C0856",92,,
"62.reg","C0857",93,,
"62.reg","C0914",94,,
"62.reg","C1018",95,,
"62.reg","C1147",96,,
"62.reg","C1151",97,,
"63.ida","C0004",1,,
"63.ida","C0005",2,,
"63.ida","C0006",3,,
"63.ida","C0040",4,,
"63.ida","C0044",5,,
"63.ida","C0146",6,,
"63.ida","C0147",7,,
"63.ida","C0148",8,,
"63.ida","C0149",9,,
"63.ida","C0150",10,,
"63.ida","C0151",11,,
"63.ida","C0152",12,,
"63.ida","C0153",13,,
"63.ida","C0154",14,,
"63.ida","C0155",15,,
"63.ida","C0156",16,,
"63.ida","C0157",17,,
"63.ida","C0158",18,,
"63.ida","C0159",19,,
"63.ida","C0160",20,,
"63.ida","C0161",21,,
"63.ida","C0162",22,,
"63.ida","C0163",23,,
"63.ida","C0164",24,,
"63.ida","C0165",25,,
"63.ida","C0166",26,,
"63.ida","C0167",27,,
"63.ida","C0168",28,,
"63.ida","C0169",29,,
"63.ida","C0170",30,,
"63.ida","C0171",31,,
"63.ida","C0172",32,,
"63.ida","C0173",33,,
"63.ida","C0175",34,,
"63.ida","C0176",35,,
"63.ida","C0177",36,,
"63.ida","C0178",37,,
"63.ida","C0179",38,,
"63.ida","C0180",39,,
"63.ida","C0181",40,,
"63.ida","C0187",41,,
"63.ida","C0191",42,,
"63.ida","C0294",43,,
"63.ida","C0304",44,,
"63.ida","C0467",45,,
"63.ida","C0624",46,,
"63.ida","C0628",47,,
"63.ida","C0629",48,,
"63.ida","C3119",49,,
"63.ida","C3121",50,,
"63.ida","C3122",51,,
"63.ida","C3123",52,,
"63.ida","C3124",53,,
"63.ida","C3125",54,,
"63.ida","C3126",55,,
"63.ida","C3127",56,,
"63.ida","C3128",57,,
"63.ida","C3129",58,,
"63.ida","C3130",59,,
"63.ida","C3131",60,,
"63.ida","C3132",61,,
"63.ida","C3133",62,,
"57.reg","C0810",1,,
"18.ida","C0194",1,,
"18.ida","C0196",2,,
"18.ida","C0197",3,,
"18.ida","C0202",4,,
"18.ida","C0203",5,,
"18.ida","C0205",6,,
"18.ida","C0206",7,,
"18.ida","C0628",8,,
"18.ida","C0629",9,,
"18.ida","C1299",10,,
"18.ida","C1300",11,,
"18.ida","C1304",12,,
"18.ida","C1305",13,,
"18.ida","C1311",14,,
"18.ida","C1312",15,,
"18.ida","C1313",16,,
"18.ida","C1316",17,,
"18.ida","C1317",18,,
"18.ida","C1318",19,,
"18.ida","C1320",20,,
"18.ida","C1324",21,,
"18.ida","C1327",22,,
"18.ida","C1329",23,,
"18.ida","C1333",24,,
"18.ida","C1334",25,,
"18.ida","C1663",26,,
"18.ida","C1669",27,,
"18.ida","C1672",28,,
"18.ida","C1681",29,,
"18.ida","C1682",30,,
"18.ida","C1728",31,,
"18.ida","C1744",32,,
"18.ida","C1745",33,,
"18.ida","C1749",34,,
"18.ida","C1949",35,,
"18.ida","C1958",36,,
"18.ida","C1971",37,,
"18.ida","C2191",38,,
"18.ida","C2325",39,,
"18.ida","C2386",40,,
"18.ida","C2389",41,,
"18.ida","C2391",42,,
"18.ida","C2397",43,,
"18.ida","C2398",44,,
"18.ida","C2404",45,,
"18.ida","C2602",46,,
"18.ida","C2925",47,,
"18.ida","C2929",48,,
"18.ida","C3350",49,,
"18.ida","C3351",50,,
"18.ida","C3352",51,,
"18.ida","C3353",52,,
"18.ida","C3354",53,,
"18.ida","C3355",54,,
"18.ida","C3356",55,,
"18.ida","C3357",56,,
"18.ida","C3358",57,,
"18.ida","C3359",58,,
"18.ida","C3360",59,,
"18.ida","C3361",60,,
"18.ida","C3362",61,,
"18.ida","C3363",62,,
"18.ida","C3364",63,,
"18.ida","C3365",64,,
"18.ida","C3366",65,,
"18.ida","C3367",66,,
"18.ida","C3368",67,,
"18.ida","C3369",68,,
"18.ida","C3376",69,,
"18.ida","C3377",70,,
"18.ida","C3378",71,,
"18.ida","C3379",72,,
"18.ida","C3398",73,,
"18.ida","C3399",74,,
"18.ida","C3400",75,,
